file,BLEU,ROUGE_L,ChrF,CodeBLEU,Levenshtein,CodeBERTScore,EmbeddingCosine,CloneJaccard
1.cc,76.26905589090772,79.24528301886792,86.73197775923917,90.4206983179045,511,96.71985507011414,0.9986988306045532,68.10344827586206
10.cc,38.28639703092102,33.83084577114428,64.05512614418485,76.05465567328358,3556,92.1519935131073,0.9975242614746094,37.32394366197183
100.cc,9.808724362591711,24.85840151038389,30.355620280754337,36.83397622408485,18930,90.51708579063416,0.9967893958091736,27.57894736842105
101.cc,40.779387916062014,35.78595317725753,56.66706429996311,74.45480824995913,4001,87.16731667518616,0.9937285780906677,32.323232323232325
102.cc,25.733020649894335,20.522388059701488,45.377797464942795,56.4382956405061,5509,90.90147614479065,0.9893157482147217,23.310023310023308
103.cc,37.58147004593424,33.40336134453782,58.630299666963346,63.922480414600756,3393,89.34593796730042,0.9922587275505066,35.27131782945737
104.cc,34.570265458444005,31.237322515212984,55.48886629189042,59.84540150085914,2988,91.71059727668762,0.9967967867851257,31.679389312977097
105.cc,34.172476753429436,33.920704845814974,62.351450491962,77.7208965349763,3296,91.1996841430664,0.9950245022773743,37.28813559322034
106.cc,31.489429746464914,32.947976878612714,62.51280969598356,77.06226060482528,4641,91.48533940315247,0.996401309967041,36.27450980392157
107.cc,40.35013829256122,39.54545454545455,64.57145433218972,76.63467074530517,2909,92.0411467552185,0.99588543176651,43.66812227074236
108.cc,26.848164306349524,28.159457167090757,57.390500451524964,78.13498931205538,4663,87.59875297546387,0.9963858127593994,32.432432432432435
109.cc,29.84509784560385,29.044585987261147,53.26104909806083,67.48680025119899,5378,83.76219868659973,0.9835948944091797,25.40983606557377
11.cc,54.760911406021144,48.41149773071105,68.71208985503779,83.17541296278131,1925,92.52617955207825,0.9981704354286194,55.34591194968554
110.cc,24.360106394080457,23.497997329773032,49.81325298991469,71.90667012749601,2931,89.84445333480835,0.994992733001709,28.688524590163933
111.cc,24.84655040586417,26.43029814665592,53.29215259029699,74.81566575486033,4567,91.03848338127136,0.9955222010612488,28.618421052631575
112.cc,34.383952078537206,27.214076246334308,53.7714656530784,70.75209762837656,5598,90.58207869529724,0.9975603818893433,33.24396782841823
113.cc,24.419162233755277,22.110552763819097,44.098454777212645,73.07410310035539,1969,89.8974359035492,0.9954208135604858,16.528925619834713
114.cc,37.704384746276936,33.07943416757345,57.620763632044394,74.40702903661344,3081,91.66279435157776,0.9969245791435242,33.33333333333333
115.cc,42.70299605842668,44.523597506678534,71.68338327127242,82.52879123358903,3882,90.650475025177,0.9965572953224182,45.0
116.cc,45.17688182122951,43.74999999999999,69.60186910714474,78.25243056838976,4242,92.74940490722656,0.9975030422210693,39.63414634146341
117.cc,55.88804278697307,45.92094196804037,70.52191885170359,76.64778078347967,3526,93.29795837402344,0.9983042478561401,39.75155279503105
118.cc,45.82270335456623,41.286462228870604,60.43275365147802,63.905983991324675,4361,94.2550003528595,0.9982349872589111,41.34615384615385
119.cc,42.29412624604625,36.08046722907203,53.58447168184941,58.299483736042966,5326,93.28648447990417,0.9972100257873535,39.82035928143712
12.cc,22.38110970432531,26.086956521739125,55.41472247660357,77.91997160274917,5470,90.54862856864929,0.9958376884460449,32.49097472924188
120.cc,46.157597039375865,39.26739926739926,67.15116079556478,79.60186949053937,4312,91.74686074256897,0.9973812103271484,40.94955489614243
121.cc,38.44392970546804,31.98433420365535,60.68286321753419,77.18006499078562,5260,93.92213225364685,0.9980167150497437,34.20365535248042
122.cc,54.29044630473786,64.76190476190476,71.17393196695596,73.46161386922402,989,96.17578387260437,0.9989595413208008,58.45070422535211
123.cc,42.83108250237573,45.4954954954955,58.234394565276716,64.67739361092406,1930,93.92271041870117,0.9986940026283264,44.84536082474227
124.cc,31.363909846011282,40.224719101123604,63.272656611920844,81.86883230274819,3278,92.32625961303711,0.996214747428894,37.38317757009346
125.cc,29.617194269289097,31.618569636135508,56.328335263118326,71.74863642428744,2918,91.94000959396362,0.996434211730957,32.18884120171674
126.cc,25.56628664342148,33.95889186773905,64.45624838771307,82.39059259103784,4402,93.2759702205658,0.9981445074081421,35.0
127.cc,54.76712185044474,52.94855708908406,73.23467939008515,84.40314051382272,2003,91.65298342704773,0.9963331818580627,45.78947368421053
128.cc,47.08854164064576,55.872291904218926,73.44899233255862,86.25194929847545,1826,91.46808385848999,0.9970605969429016,39.1705069124424
129.cc,21.638500020670502,26.72209026128266,57.113902969334006,80.40836404488239,7299,91.85342192649841,0.997271716594696,32.8125
13.cc,19.388710586986544,19.818562456385205,44.80963351118233,61.686591053227346,13501,86.23847961425781,0.9895980954170227,32.02614379084967
130.cc,31.88379422042429,36.38392857142857,65.76464522359522,79.93823856591341,3359,91.81517362594604,0.996565580368042,29.218106995884774
131.cc,33.92096835490663,41.44144144144144,59.115357401068195,78.6446403632011,2746,92.27675199508667,0.9976563453674316,30.357142857142854
132.cc,17.145977577099778,24.940805051302288,48.462175888503964,76.96024491692417,5994,91.74460768699646,0.9973103404045105,23.52941176470588
133.cc,60.62570139894765,66.5625,78.74834713953479,88.60141640246039,1036,93.90413165092468,0.9980744123458862,58.97435897435898
134.cc,22.803526138031852,25.91508052708638,57.54358390909766,77.46061500829084,7145,90.68058133125305,0.9966253042221069,26.72413793103448
135.cc,64.19382604072267,59.62264150943395,82.21295406615636,89.55451081834563,1153,94.26731467247009,0.9971970319747925,53.896103896103895
136.cc,61.30184913041578,64.44444444444444,75.85063547722065,82.84711949292009,1147,94.95205879211426,0.9964599609375,64.84375
137.cc,55.77492787936002,55.55555555555556,68.12293627529216,81.27935484854673,1804,93.72867345809937,0.996107816696167,51.78571428571429
138.cc,49.17806282032379,48.786407766990294,61.60431353205739,76.22527899288158,2207,93.46070289611816,0.9977699518203735,43.646408839779006
139.cc,40.367071362796544,57.234726688102896,55.06481090996762,60.35348161431862,2495,92.8386926651001,0.9964786767959595,52.601156069364166
14.cc,18.50265027866658,18.360886387618713,37.45496613290025,35.84943511877613,12905,90.35874605178833,0.9911223649978638,30.090090090090087
140.cc,53.1522436327066,55.45454545454545,67.96830649851904,81.80233793417926,1497,93.10141205787659,0.9967889785766602,51.17647058823529
141.cc,30.521985059475554,44.59613196814562,60.069753162549155,80.72768739551324,3261,93.91937851905823,0.9969339370727539,37.988826815642454
142.cc,42.83093365262792,47.22222222222223,65.19289587242648,82.60132000611951,1917,92.68180727958679,0.9974164962768555,44.047619047619044
143.cc,50.0123264650535,43.97163120567376,61.66690685638792,77.79367002656038,1905,92.49393939971924,0.9972572326660156,43.859649122807014
144.cc,57.843613520753316,55.99999999999999,64.89472741634079,78.56365278153297,1382,96.58218622207642,0.9992895126342773,50.641025641025635
145.cc,38.40535513565218,49.865229110512125,69.05720100787916,85.16231011605564,2544,95.37284970283508,0.997970461845398,39.30348258706468
146.cc,50.7133408217505,53.2608695652174,70.3748998810737,82.6914005968504,1888,95.56763768196106,0.9984859228134155,43.34975369458128
147.cc,57.35687133199485,57.2741194486983,67.583109753819,80.87222490560254,1228,95.36411166191101,0.9995146989822388,55.24475524475524
148.cc,52.24582146207736,45.52058111380145,69.20518145509133,79.10657706832892,1698,93.39836239814758,0.9985662698745728,48.05194805194805
149.cc,66.60922566377322,70.4225352112676,74.41726044716088,87.00865977431388,690,96.45540118217468,0.9992067813873291,61.78861788617886
15.cc,38.31810159721878,24.45587653343886,55.82546939511778,72.02101292604188,9936,88.45850229263306,0.9944018125534058,35.26119402985074
150.cc,65.7583319252655,68.39546191247973,74.81634208676425,86.67834901963852,839,96.77547216415405,0.9993597269058228,61.417322834645674
151.cc,77.73399422832246,80.1670146137787,85.18281471089848,90.8830799380535,441,97.88004755973816,0.9994610548019409,72.97297297297297
152.cc,71.0194294597536,79.47019867549669,81.21759755604339,87.58344813035356,564,94.84596848487854,0.9958638548851013,74.28571428571429
153.cc,70.36600507751744,68.65203761755487,79.00897323847647,89.7139436880871,1072,95.11684775352478,0.997740626335144,57.92682926829268
154.cc,23.710493653938187,27.736131934032983,54.65657821091013,76.56886310277969,5875,91.76369309425354,0.9963803291320801,25.888324873096447
155.cc,39.227531041733656,39.078156312625254,64.2015526420684,80.4551923032973,3262,92.36286878585815,0.9967314004898071,35.741444866920155
156.cc,27.55193618684602,29.465930018416202,57.12941059133525,73.55963712706556,4116,92.15620160102844,0.9965187311172485,30.79584775086505
157.cc,28.36246272287745,28.65916069600819,53.82339118928774,71.70563144270623,3172,90.47408699989319,0.9967869520187378,32.818532818532816
158.cc,49.84962919174974,54.218533886583685,68.54643385831886,81.40058632024679,1883,96.40388488769531,0.9985813498497009,51.28205128205128
159.cc,30.422533436243796,42.29665071770336,65.21914713099261,81.44675160903483,3791,94.57590579986572,0.9988649487495422,42.53393665158371
16.cc,34.145251858847665,34.39412484700122,50.21770218011673,53.85583583922514,6799,90.50636887550354,0.995124340057373,42.950819672131146
160.cc,28.1408313000501,31.67366526694661,62.0923323038278,80.44958732602005,6940,91.9857382774353,0.9970003962516785,30.33033033033033
161.cc,43.17799175072656,45.37205081669692,70.53887719487471,79.89400835355694,4045,95.33885717391968,0.9973469972610474,43.7007874015748
162.cc,52.495796252786086,48.17150063051702,76.890614015466,82.40012058203907,2124,94.29108500480652,0.9978916645050049,55.55555555555556
163.cc,70.54705293373115,70.5084745762712,79.93001811798253,88.23527983872154,834,95.70707082748413,0.996189534664154,62.585034013605444
164.cc,35.24062607692619,33.333333333333336,55.59212379582321,65.67112760691995,2657,91.01099967956543,0.9967087507247925,36.72566371681416
165.cc,33.515385237334044,40.79915878023133,62.478629935724506,78.32715951322767,2840,91.62716269493103,0.9958128929138184,31.08108108108108
166.cc,55.729242705172666,61.53846153846153,77.53516057789214,86.8706737879312,1487,93.10593605041504,0.9962561726570129,50.80213903743316
167.cc,51.085576017647604,58.4070796460177,72.08115839452229,84.78560778248847,1448,94.22435760498047,0.9991514682769775,50.31055900621118
168.cc,47.37040670511055,53.37763012181617,74.06247455102816,85.98235908940568,2809,93.01303625106812,0.9985673427581787,45.16129032258064
169.cc,58.468887258736686,66.66666666666666,77.48510346633624,87.21001907107741,1037,93.56231093406677,0.9984122514724731,58.69565217391305
17.cc,11.629859834041515,17.67554479418886,29.485110054696428,25.96983265443863,12532,90.04054665565491,0.9944718480110168,29.22374429223744
170.cc,57.367158696045294,52.201933404940924,69.79010327925619,80.0547288817548,2385,94.56102848052979,0.9975464344024658,48.78048780487805
171.cc,47.138854864950915,46.46061814556331,71.28065315822097,81.55561005170723,3177,95.44355273246765,0.9990451335906982,47.42647058823529
172.cc,22.23570811591553,24.067558057705842,56.03038980092939,74.65774929890581,6629,91.66532158851624,0.9962834119796753,30.64066852367688
173.cc,42.7165711522101,47.131509267431596,68.11276175535859,77.74951469474708,3531,94.37041878700256,0.9981746673583984,40.20979020979021
174.cc,46.65647325589282,39.43217665615142,68.01616748186716,82.73520155107946,5403,94.92669105529785,0.9971892833709717,33.670033670033675
175.cc,55.792876766472105,60.86956521739131,77.22587640875234,85.03808859614918,1799,93.97233128547668,0.9985365867614746,50.70422535211267
176.cc,58.9601406873287,62.29007633587786,76.28237871528381,85.51232493417389,1520,94.01300549507141,0.9974132180213928,49.46236559139785
177.cc,42.45442885481454,42.44031830238726,52.2815176795729,59.94574273098237,3387,95.49309611320496,0.9987443685531616,38.8663967611336
178.cc,64.49980733290653,58.49582172701949,79.75374632441613,88.15315808916236,1482,95.29760479927063,0.9991905093193054,55.27638190954774
179.cc,64.25085474297296,61.13989637305699,79.21273271826476,87.58437354262594,1242,92.5917387008667,0.9976718425750732,53.6144578313253
18.cc,39.626544356717574,33.53293413173653,59.29866383441532,74.2564722509257,5094,92.26658940315247,0.9938333034515381,36.45484949832776
180.cc,62.94283336994581,59.65909090909092,80.66727939103612,90.51352791488051,1503,95.67636251449585,0.9963331818580627,57.14285714285714
181.cc,37.83833241351543,41.02564102564103,69.04424858926207,81.54897375549133,3107,92.21938848495483,0.9969143867492676,34.67741935483871
182.cc,52.57608560441584,38.96373056994819,67.538755452022,80.40292223640043,3193,91.87594652175903,0.9972202777862549,41.10169491525424
183.cc,38.72083788532415,41.20443740095087,64.71919567967122,70.5849656295944,3612,93.43862533569336,0.9986350536346436,39.849624060150376
184.cc,52.29577674885432,49.41634241245137,79.44764621803093,86.33757726374076,3082,96.07895612716675,0.9995161294937134,57.72727272727273
185.cc,26.811981150849896,29.82332155477032,59.153749089186,75.6757195821123,5553,94.88658905029297,0.9993000626564026,31.84713375796178
186.cc,30.719553426727277,38.40931134820563,64.74336014888713,79.23860572096484,3827,91.67423248291016,0.9972764253616333,36.92307692307693
187.cc,27.47475864208673,28.94098625707357,61.34163667931028,70.27251172363034,4631,92.00288653373718,0.997219443321228,34.87394957983193
188.cc,42.67820647977938,53.03030303030304,77.14288232436742,86.02449302704761,2700,91.9430136680603,0.9971433877944946,41.92139737991266
189.cc,29.504365888618423,38.847117794486216,62.76820384078847,76.16610219136982,3021,93.44757795333862,0.9988371133804321,34.59915611814346
19.cc,39.30312613772963,34.710743801652896,57.70765732659376,73.30735138929457,6145,89.0325665473938,0.992315948009491,34.710743801652896
190.cc,18.53504402883916,23.684210526315784,52.523553364504615,74.98543378926699,5722,92.33235120773315,0.9961773157119751,22.188449848024316
191.cc,28.98941963269634,28.50356294536817,63.79400543202479,78.7312735239752,5848,91.91488027572632,0.9965016841888428,33.74233128834356
192.cc,25.20808356923039,32.378580323785805,62.20732196331601,81.6404602949128,3767,91.21160507202148,0.9970299005508423,29.65779467680608
193.cc,61.299023639994665,55.57655954631381,77.33657448115112,86.459523039716,1241,94.99576091766357,0.9972672462463379,52.46913580246913
194.cc,29.823175382473618,37.2093023255814,58.33489396160773,73.47564676241656,3941,93.16973090171814,0.9981442093849182,38.768115942028984
195.cc,42.36055025421361,45.46805349182764,70.98992784081926,81.5577830588232,2198,90.95244407653809,0.9957000017166138,47.8494623655914
196.cc,41.19013513748929,42.26190476190476,71.08343335190465,83.0129725764696,3169,92.24857687950134,0.9974913597106934,45.52845528455284
197.cc,38.159512514311416,44.55445544554455,66.67730823846992,82.24722389859753,2624,92.7613377571106,0.9968844652175903,42.92929292929293
198.cc,44.890734966853834,45.06387921022066,70.46576533684485,79.59356612142388,2591,91.7676568031311,0.9981911778450012,40.49586776859504
199.cc,45.37788111840671,46.87168610816543,67.25962832671745,76.02259613675692,2540,94.19387578964233,0.9990172386169434,41.832669322709165
2.cc,43.388557450915584,54.263565891472865,74.89118148138493,86.95393325301039,742,94.59812641143799,0.9913187623023987,38.775510204081634
20.cc,42.62518423156475,33.7117903930131,64.71797235983945,78.54508184651621,4179,88.01842927932739,0.9939481019973755,33.62068965517241
200.cc,44.43648160376269,41.59378036929058,69.66206111429281,78.32929883060402,3468,93.30095648765564,0.9977272152900696,46.06741573033708
201.cc,48.134134747970855,59.453551912568315,75.04210391644366,83.98082077691618,2724,94.83604431152344,0.9979448318481445,57.57575757575758
202.cc,30.93291063514422,28.98062342038753,61.3492534887092,75.80199439428714,4369,90.50883650779724,0.996728777885437,33.33333333333333
203.cc,29.323746321352825,27.432432432432428,60.26146051109392,76.74049760345555,6559,90.60588479042053,0.9946812987327576,30.878186968838527
204.cc,30.468362427975013,30.155979202772965,54.18632465980977,72.57733315804958,4511,91.29031896591187,0.9953543543815613,27.77777777777778
205.cc,42.16014448013068,37.65144454799626,65.65985145935758,74.87450922264219,3691,92.18891859054565,0.9956895112991333,37.41258741258741
206.cc,32.42552448482054,33.26885880077369,60.12304667149251,76.73012761383654,3724,93.44858527183533,0.9958017468452454,31.851851851851855
207.cc,53.37204129296887,54.77707006369427,69.39600299650851,74.90965986172196,2004,93.01540851593018,0.9951809048652649,47.963800904977376
208.cc,24.05249696152392,29.888983774551665,63.94407910627208,79.2138030695902,5247,91.54375195503235,0.9942525625228882,30.5993690851735
209.cc,14.771313193684268,22.283737024221452,50.249673789920294,74.69012960543657,7527,91.39177799224854,0.9939117431640625,22.61904761904762
21.cc,47.88963132560629,32.43967828418231,64.12605735393996,71.90623646432316,5970,88.60369324684143,0.9952934980392456,46.688741721854306
210.cc,18.003475708051127,28.0944156591825,55.8520472008221,77.0755601361781,9893,92.32843518257141,0.9960987567901611,23.645320197044335
211.cc,37.15648901218537,39.687194525904204,65.96164690679832,77.7347845731034,3460,90.99799990653992,0.9966109991073608,40.6015037593985
212.cc,49.58018468102765,52.92682926829267,64.81920186663297,66.17229885569127,2014,95.6286370754242,0.9982298612594604,41.84100418410041
213.cc,52.3650922963317,54.2319749216301,63.30369042964805,70.00532750198282,1946,93.72491836547852,0.9970961213111877,45.2513966480447
214.cc,41.48322400936828,48.607594936708864,72.59741773748765,82.40851490430755,3811,92.3603355884552,0.9969455599784851,49.46236559139785
215.cc,46.56249549407457,48.06517311608961,75.27021869211735,80.60707003986907,3080,91.72579646110535,0.997778058052063,51.77865612648221
216.cc,61.412482175632135,57.939393939393945,74.33322810732469,80.79425808928389,1927,96.07148170471191,0.999596118927002,59.80392156862745
217.cc,35.26180191534358,31.20567375886525,61.043757967210496,75.87781724553938,4681,91.73223376274109,0.9967566728591919,33.02752293577982
218.cc,47.14846582063335,42.63959390862944,69.00772748574474,78.53107155298268,2860,93.70989799499512,0.9989024996757507,42.75092936802974
219.cc,79.9935497803984,84.688995215311,90.96959044006083,94.75200893948124,275,98.3210027217865,0.9997420310974121,75.47169811320755
22.cc,29.95026307373312,29.086229086229082,55.34976801997923,69.4360302642241,2470,90.87628722190857,0.997748851776123,35.714285714285715
220.cc,28.150337242660896,38.1795195954488,65.71484394261718,80.08950986505091,3957,92.28965640068054,0.996277391910553,46.285714285714285
221.cc,28.20250500305661,32.70142180094787,61.96588225538382,75.93940506692445,3851,93.02411079406738,0.9961564540863037,39.67391304347826
222.cc,31.534625714906515,36.867239732569246,65.98118353154942,78.90766365996042,4777,92.8682804107666,0.9961034059524536,42.410714285714285
223.cc,26.022578645128956,34.17721518987342,62.56845514520582,79.05299451490636,4393,91.54395461082458,0.9960522651672363,38.24884792626728
224.cc,50.699305939018224,49.282920469361144,72.47656221404294,81.34242897250323,2310,93.71652007102966,0.9974657893180847,43.1924882629108
225.cc,45.783267742440344,37.58212877792379,60.862064288527606,68.05872153160422,2444,93.36045384407043,0.9974099397659302,41.7910447761194
226.cc,33.25969222895239,36.61971830985916,66.67788684951847,79.18952467866585,3582,92.99174547195435,0.9969587326049805,37.15277777777778
227.cc,41.98958732948363,44.683136412459724,68.20302361793887,81.01306262723476,3041,92.6595389842987,0.9977440237998962,41.06463878326996
228.cc,37.0560111665324,32.61608154020385,56.07073663198214,66.24734649712114,3215,91.34988188743591,0.9976305365562439,31.182795698924732
229.cc,42.73595927863855,48.94837476099427,73.24662382950082,82.86781613990634,2054,92.89259910583496,0.9964067935943604,50.34013605442177
23.cc,14.78356899896868,13.651685393258429,31.587047204189346,36.840822270347054,22724,90.18012881278992,0.9952804446220398,23.05593451568895
230.cc,40.66087283974541,48.07436918990703,73.48468262166095,81.99273264383856,2769,92.6760196685791,0.9962358474731445,43.1924882629108
231.cc,24.121943080062387,40.59701492537313,59.44754335058574,76.72615599276807,3219,91.4573073387146,0.9934960007667542,38.9937106918239
232.cc,36.50352617643101,45.062586926286514,71.45399035708881,81.7171218960666,2570,92.39714741706848,0.9948524236679077,36.53846153846153
233.cc,25.40506672727116,36.235294117647065,65.18559657015686,79.30188001186436,3719,91.55393838882446,0.99614018201828,37.10407239819005
234.cc,23.463458233066394,26.34730538922156,57.6383759671127,77.92225734407874,5311,90.84060192108154,0.993937611579895,35.0
235.cc,20.516522570531944,28.065395095367844,53.199890568904976,76.67523158339262,3861,91.01797938346863,0.9969315528869629,30.04115226337449
236.cc,40.07115917586063,45.47945205479452,71.57655443648365,82.56549076193653,2847,92.46135950088501,0.9968653917312622,43.0622009569378
237.cc,41.931786356039204,47.63705103969754,64.20744459314697,70.68008654903726,1418,93.29400062561035,0.9964953064918518,40.123456790123456
238.cc,28.087006998030628,33.802816901408455,65.37222323911823,79.33967483087402,3901,90.36308526992798,0.9963747262954712,35.08064516129033
239.cc,55.7801591663081,64.2023346303502,77.92038310575354,86.25403487449208,1128,94.58668231964111,0.9961944222450256,54.01459854014598
24.cc,29.31519571993284,22.91491154170177,52.599577476458514,69.0523093912027,4078,90.26877880096436,0.9960645437240601,32.55813953488372
240.cc,30.852703631510746,35.10011778563016,65.18162270178784,76.32519665691879,3352,92.11819171905518,0.9969520568847656,34.83606557377049
241.cc,31.759910290807383,33.12421580928482,65.62499690369421,79.43350241225879,3279,91.02677702903748,0.9961162209510803,35.046728971962615
242.cc,32.30019959752234,38.33580980683507,60.250060886037105,70.16414965016166,2379,92.81700849533081,0.9975797533988953,32.038834951456316
243.cc,40.36679196265363,62.857142857142854,74.95147313817974,80.43497939818036,288,94.64204907417297,0.997407078742981,47.27272727272727
244.cc,53.01984587473665,57.718120805369125,71.08230520258488,72.22878594600907,238,94.62202191352844,0.9967619180679321,47.45762711864407
245.cc,51.16866091154981,64.54545454545453,74.05647903882854,83.85670598943213,461,95.79284191131592,0.996581494808197,59.72222222222222
246.cc,28.05092705747448,40.449438202247194,64.99025777169086,84.84687511302438,1548,93.59323978424072,0.9932925701141357,40.17857142857143
247.cc,28.274324270493786,40.88397790055248,61.88303324694846,78.00752794717897,1374,92.77378916740417,0.9943239688873291,36.52173913043478
248.cc,43.77881230122997,56.0553633217993,71.29671492898552,81.24165765888158,777,94.34181451797485,0.9959359169006348,43.39622641509434
249.cc,53.67794929617393,63.468634686346846,75.46871381537397,88.20656257127618,573,94.41394805908203,0.9928238391876221,47.12643678160919
25.cc,30.59033371680916,22.54335260115607,50.159454662805246,55.57278799749442,16490,89.6818459033966,0.9936245679855347,30.555555555555557
250.cc,55.370666082634884,64.96350364963503,74.6582891953824,88.70587914825052,453,93.9146339893341,0.9938653707504272,48.78048780487805
251.cc,45.947961440361766,58.57142857142858,70.697488757591,83.19463892352304,650,94.15901303291321,0.9961228370666504,42.70833333333333
252.cc,32.90788851991041,46.62576687116564,56.884674367923594,78.45857532105734,1695,93.54714751243591,0.9984338283538818,39.166666666666664
253.cc,41.78180313274892,58.01526717557252,69.67286046238243,81.74434194846465,722,93.41594576835632,0.990820050239563,45.36082474226804
254.cc,64.98194866856358,75.00000000000001,88.76360556802686,91.32951553522022,671,93.82290840148926,0.9957334995269775,59.22330097087378
255.cc,66.05801497804981,74.73309608540924,84.86414338017335,86.65838819229819,1236,95.01582384109497,0.9982890486717224,58.95522388059702
256.cc,64.79835035784521,69.18918918918918,84.09201229253551,90.30494162576753,664,95.57385444641113,0.9988164901733398,62.5
257.cc,54.810238324029655,54.31654676258992,83.04649247643522,89.2676437805759,1587,95.66048979759216,0.9977407455444336,50.649350649350644
258.cc,52.92978240490075,57.28813559322033,78.71489612770701,79.93293210483216,1606,93.51829290390015,0.9975073933601379,42.281879194630875
259.cc,30.155319150599386,39.94743758212878,68.6417587311659,83.90448085092224,3748,94.10189986228943,0.9989780783653259,32.142857142857146
26.cc,46.260665166387724,28.13688212927757,56.74770620296727,75.07894068040599,6113,89.76870775222778,0.9960383772850037,34.32835820895522
260.cc,67.64394814274837,70.54263565891472,85.45399679117179,90.97160148156446,1138,95.58234810829163,0.9986534118652344,61.53846153846154
261.cc,58.01733476055679,59.24657534246576,82.87907428633595,89.89020338767422,1688,91.38875007629395,0.9965202212333679,52.67175572519084
262.cc,51.860534368194884,59.171597633136095,78.92656870166147,85.95440637228899,1370,94.64694857597351,0.9987543225288391,47.44525547445255
263.cc,40.18700975331667,46.19565217391304,73.6154817321844,85.96222590069642,3050,92.3392117023468,0.997899055480957,45.36082474226804
264.cc,65.20250423219173,74.69879518072288,84.02371252571635,90.23476324054249,588,96.15069031715393,0.9993753433227539,62.96296296296296
265.cc,64.67820283814969,67.72334293948127,86.0339251503767,90.76882219335782,1376,92.54657030105591,0.9975062608718872,59.55056179775281
266.cc,73.32166926276223,83.37468982630273,89.11912549840785,92.63268164862153,409,96.26126885414124,0.9975616931915283,69.6078431372549
267.cc,66.82878517761682,72.4264705882353,81.01119333467467,86.22539746398863,890,94.70678567886353,0.9980405569076538,60.56338028169014
268.cc,69.30360065020946,78.743961352657,87.15621999708843,90.87352988904748,502,96.05458974838257,0.9994896650314331,60.550458715596335
269.cc,73.63042635467345,77.08978328173374,87.73066336430762,90.82343991547877,859,94.90214586257935,0.9989101886749268,62.42038216560509
27.cc,39.7392288917318,33.317284545016854,56.29048885979152,65.1259358272537,9154,89.05795812606812,0.9923081994056702,37.199124726477024
270.cc,78.63363200122895,80.07448789571694,90.7970897900797,93.45222348355868,788,96.83741927146912,0.9982550740242004,71.53846153846153
271.cc,69.35940482827303,66.34844868735084,83.17567295057385,89.58352951452866,660,97.5083589553833,0.9996117353439331,58.26086956521739
272.cc,71.30430753023039,78.60696517412936,86.19821273730828,91.32785923864994,448,95.56658267974854,0.9967331886291504,69.3069306930693
273.cc,72.6382296252923,76.01156069364163,86.724950004834,91.61875548156353,1436,96.65703773498535,0.9992705583572388,64.02439024390245
274.cc,55.64784492265775,54.26944971537001,77.64160357210416,87.2955283586701,1446,93.51252913475037,0.9991815686225891,46.808510638297875
275.cc,39.565476148683864,45.78651685393258,68.00764249175516,80.44412177703386,2683,91.90074801445007,0.9978241324424744,34.25925925925926
276.cc,53.2762101587814,53.80116959064327,78.32054006883257,85.35589605324925,1603,93.78975033760071,0.9978935122489929,53.10734463276836
277.cc,26.792192772937955,30.16877637130802,59.65588649074471,78.19401232185528,4283,88.67587447166443,0.9949730634689331,25.862068965517242
278.cc,39.76258742596287,33.54350567465321,69.31724794756265,83.32728901197682,3437,93.276047706604,0.9984805583953857,39.436619718309856
279.cc,57.80466503986943,44.67265725288832,76.21598046892669,86.94197242216715,2724,94.34238076210022,0.9987127780914307,52.63157894736842
28.cc,23.155670607767284,18.311226140407634,40.939273543398954,46.7202134649426,14307,89.49674367904663,0.9928407669067383,29.57486136783734
280.cc,47.384958106156105,35.78104138851802,69.09029676792167,82.07955409051168,2934,92.50537157058716,0.9977383017539978,38.64734299516908
281.cc,42.614662130202774,34.81392557022809,67.78764637389939,76.10209856926389,3182,92.72756576538086,0.9959244132041931,41.1214953271028
282.cc,53.06952026828421,54.23728813559322,72.30218935525666,77.48858377812225,1288,94.6720540523529,0.9984636306762695,52.054794520547944
283.cc,68.86162943798098,61.711079943899016,80.12371520857711,83.86028787943958,1578,94.44524049758911,0.9987199902534485,63.25301204819277
284.cc,77.21770864585099,82.40534521158129,87.90224578015044,91.08670093711845,418,97.9135811328888,0.9996370077133179,72.41379310344827
285.cc,39.47788356409763,50.072780203784575,74.17638333755704,84.3360851515357,2199,91.74282550811768,0.9973416924476624,45.69892473118279
286.cc,60.17846212279539,68.362480127186,83.09533406994879,88.85062641128674,1251,93.3261513710022,0.9989461302757263,62.65822784810127
287.cc,44.362640545044506,52.53456221198156,75.21747547712052,83.60492117587933,1958,94.68491077423096,0.9989165663719177,47.42857142857143
288.cc,49.28951841887161,53.333333333333336,78.2664708069557,85.52366731865759,2316,93.64542961120605,0.997413158416748,54.85436893203883
289.cc,57.49011731020849,61.146496815286625,78.91848610985099,88.26127768593311,1175,96.78983688354492,0.9994044303894043,52.083333333333336
29.cc,12.246687363484543,15.581917281179866,32.64530651861361,30.81424601096254,16767,90.89943170547485,0.9934051632881165,23.318385650224215
290.cc,35.644661664848115,44.016506189821186,72.06500841494523,85.23620300599043,2813,94.63419318199158,0.9979906678199768,39.1705069124424
291.cc,59.4163899615038,66.88206785137318,83.32486774554576,88.62827415706374,1410,94.53882575035095,0.9978984594345093,61.29032258064516
292.cc,28.8643910359306,36.36363636363637,64.14587760879064,83.45755194218783,3364,93.36853623390198,0.9977155923843384,30.48780487804878
293.cc,66.62319805382504,64.90066225165562,76.83978102473613,85.94744199109292,808,94.22230124473572,0.9959169626235962,59.66386554621849
294.cc,46.920469290273815,49.12280701754386,68.93252332590063,79.59101996488576,1618,95.00873684883118,0.998888373374939,44.57142857142857
295.cc,47.79318480424197,51.76803394625177,74.4345313166675,86.88702324964036,2215,94.11271214485168,0.9984803199768066,47.64397905759162
296.cc,52.516790244114816,52.830188679245296,76.94464085638883,84.22169610939278,1656,95.74583768844604,0.9990121126174927,51.13636363636363
297.cc,61.85256316383216,63.951120162932796,71.54074709363789,83.94976338269346,1064,95.02319097518921,0.9972633123397827,52.348993288590606
298.cc,34.04089866430615,38.748495788206974,67.33324706899764,82.4749275827965,3325,94.5587694644928,0.9989815950393677,35.3448275862069
299.cc,48.23117627745391,53.69774919614147,73.4012716340068,84.91854639277854,1562,95.81308364868164,0.998598039150238,51.515151515151516
3.cc,61.94207393179181,73.38129496402877,82.58867094195607,85.9670391041769,397,96.65924906730652,0.9978001117706299,58.536585365853654
30.cc,45.33220229710328,40.26258205689278,63.99676188048167,77.59422855488299,4603,89.80082869529724,0.9966285824775696,39.718309859154935
300.cc,40.65414064643832,46.4516129032258,72.47938059056183,79.7858281004319,2058,93.91485452651978,0.9982828497886658,42.35294117647059
301.cc,63.95562413947404,68.49315068493152,81.13084912829511,84.07151661990217,1344,96.50930762290955,0.9987632036209106,54.601226993865026
302.cc,69.44293068289933,76.10350076103501,87.53755827534602,92.73464518763782,1179,95.93749046325684,0.999347448348999,68.83116883116884
303.cc,65.94194532774657,73.80952380952381,79.78064054267296,87.78589158968988,644,97.25397229194641,0.9992697834968567,59.45945945945946
304.cc,70.74308877661616,76.85185185185185,87.42700387898795,89.83011084157549,994,94.39850449562073,0.9985738396644592,58.78787878787879
305.cc,67.26177422772221,69.97635933806147,82.08459007817143,89.34545079016722,714,95.97867727279663,0.9966532588005066,64.86486486486487
306.cc,66.35851837763133,71.37681159420289,79.90720375701174,84.96432411895968,937,93.35522651672363,0.9953376650810242,56.25
307.cc,60.28738775884048,65.39792387543251,79.78485353050455,84.34008761589162,1042,96.10394835472107,0.9991727471351624,58.333333333333336
308.cc,66.12075928845172,70.75471698113208,82.05968972823304,89.45415619267703,787,97.05539345741272,0.9995958805084229,61.53846153846154
309.cc,55.3764606417585,59.51035781544256,72.24764019924548,77.98446559783282,1172,94.93478536605835,0.9988557696342468,51.048951048951054
31.cc,28.424658690107183,19.47089947089947,45.32133871272547,55.93211848886429,3488,89.7287666797638,0.9946452975273132,29.259259259259256
310.cc,77.21187092996637,78.28282828282829,84.97277705395963,91.99424070032873,442,97.82407879829407,0.9995724558830261,58.4070796460177
311.cc,37.2099185909541,43.492063492063494,67.29691240337698,84.22890515779042,2236,94.41605806350708,0.999073326587677,40.11299435028249
312.cc,71.14348638516795,72.20902612826605,82.37856112894326,88.79810377593638,544,97.24546074867249,0.9993034601211548,66.36363636363637
313.cc,48.403276948566,50.529100529100525,72.84410081467317,80.71276080368524,2149,93.70782971382141,0.9990825653076172,43.0622009569378
314.cc,39.29933093806771,45.31468531468531,69.48848299526169,84.92124530460204,2501,94.70323920249939,0.9983376264572144,41.14583333333333
315.cc,32.88231087902433,38.601036269430054,64.46129734043652,82.39076143302086,2900,92.97718405723572,0.9984994530677795,31.46551724137931
316.cc,54.7943268634419,60.60606060606061,74.4673143962839,87.9213315685584,1385,96.51349186897278,0.9994041323661804,54.60526315789473
317.cc,45.41758959135995,48.33068362480127,70.96164135537754,85.31914053881347,1889,95.22192478179932,0.998964250087738,42.69005847953216
318.cc,33.25396414041103,40.98360655737705,63.73289177324736,81.8791679775901,2334,94.49008703231812,0.9991704821586609,34.831460674157306
319.cc,47.1189646457937,51.908396946564885,76.39495070836581,86.03941551412757,2128,94.91596817970276,0.9974102973937988,52.72727272727272
32.cc,20.792617774536712,14.982578397212542,37.86141744849683,58.82077937813299,3843,88.96799683570862,0.9956563115119934,24.90842490842491
320.cc,36.42440909608467,44.94047619047619,66.73820242369335,82.53527353734646,2402,93.67607831954956,0.9980671405792236,42.285714285714285
321.cc,45.99388216418028,50.72697899838449,68.82367107291427,82.52750541253002,1870,95.36608457565308,0.9991416931152344,42.285714285714285
322.cc,57.44003562291569,53.97815912636506,77.21500522695209,85.1531906013988,2020,94.84056234359741,0.9983833432197571,53.57142857142857
323.cc,49.497165839266565,59.92063492063492,73.1510471446654,86.81740487156937,1465,96.19941711425781,0.998829185962677,42.58064516129032
324.cc,57.38315625196066,49.395509499136445,78.60489775210328,86.292226723184,2060,94.76314783096313,0.997789740562439,51.5527950310559
325.cc,54.41162072181321,59.42028985507246,71.29971117860617,84.18992434128643,1324,96.61762118339539,0.9991545081138611,45.45454545454545
326.cc,59.464453007605336,47.38562091503268,73.2380988157265,85.19410243587862,1875,94.13561820983887,0.99797123670578,46.55172413793103
327.cc,40.10183982937879,36.21621621621621,68.16037045842708,81.86284602306743,2906,89.85710740089417,0.9955378770828247,36.12334801762114
328.cc,50.2929562641988,45.56962025316456,67.9949726722949,79.77818462048104,1844,92.45753884315491,0.9948921203613281,41.31736526946108
329.cc,47.75769497147911,46.90553745928339,66.45481854374535,83.30624781765835,1684,95.20813226699829,0.9989282488822937,47.82608695652174
33.cc,27.12808898421119,17.251184834123226,44.54457283096653,67.0421823447625,3537,90.80506563186646,0.997696578502655,33.189655172413794
330.cc,59.35371586512533,62.47191011235955,72.68384200384516,80.12262076864059,907,95.2570378780365,0.9993024468421936,49.23076923076923
331.cc,56.06584445671955,50.858034321372855,73.13752807270495,83.97996138289078,2030,93.75051259994507,0.9984139204025269,54.761904761904766
332.cc,61.71440560482403,55.64648117839608,74.97971477389544,81.56255574001801,1694,95.22379040718079,0.9985623359680176,55.487804878048784
333.cc,56.75505453629694,60.043196544276455,69.53950319524519,82.83183585330806,1040,95.86547613143921,0.9991396069526672,46.26865671641791
334.cc,59.30588783401391,59.86577181208054,77.88038169539819,86.32916286785455,1761,95.60608267784119,0.9982854127883911,50.0
335.cc,37.934102315244544,43.01310043668122,69.67123380480025,81.98092976269918,3617,95.12104988098145,0.9984708428382874,38.36734693877551
336.cc,52.016026929708815,58.39694656488549,74.14894419012398,86.95497412656567,1178,95.38607001304626,0.9970781803131104,50.69444444444444
337.cc,59.748316916621214,55.3191489361702,73.9454886435898,77.31775734987069,1844,95.16502022743225,0.998329758644104,53.03867403314917
338.cc,62.17296247091932,58.9909443725744,77.57639677761628,81.37863072112968,1904,94.55799460411072,0.9981393814086914,52.38095238095239
339.cc,53.07457851277595,53.68620037807184,72.13564865306907,83.86236598411658,1281,95.67341208457947,0.9990197420120239,50.66666666666667
34.cc,22.464377972078353,17.478991596638654,41.60238811236559,62.042277786593814,3881,90.74468612670898,0.9964865446090698,27.586206896551722
340.cc,57.834953312923425,53.027823240589214,74.84279004251984,84.4037897928513,1522,96.18669748306274,0.9992719888687134,52.02702702702703
341.cc,55.0181795798773,52.58215962441315,72.48829217250396,83.61073868708297,1670,94.55307126045227,0.9983792304992676,44.06779661016949
342.cc,47.934190244302386,51.54639175257733,70.16900330845289,78.39350182416356,2237,95.00011801719666,0.9987674951553345,40.932642487046635
343.cc,70.05719612458621,72.68722466960351,81.60023270312995,85.52470997265324,680,94.61659789085388,0.995667576789856,66.07142857142857
344.cc,46.45882838339872,50.19011406844107,71.80432631087183,80.79147783308089,2196,95.16841173171997,0.9989485740661621,45.04950495049505
345.cc,61.86445316551603,68.75,75.66540772592842,88.0977762339506,857,94.35281753540039,0.9960150122642517,58.77192982456141
346.cc,60.24589775204267,67.22129783693845,82.66018164978374,74.66864462763085,1449,96.25459313392639,0.9991495609283447,59.333333333333336
347.cc,51.67919119182074,60.722891566265055,70.28580767298844,86.11431164418747,1064,95.2380120754242,0.9990586042404175,44.537815126050425
348.cc,54.801235845793016,59.60591133004927,75.99369491105371,83.38097372644917,940,94.9785828590393,0.99891597032547,50.43478260869565
349.cc,64.73892603326289,65.35433070866141,80.44003323354116,88.13766193488065,953,96.20634317398071,0.9994808435440063,60.150375939849624
35.cc,19.639068838495252,15.665236051502148,35.249757095591214,59.94661749858729,3537,89.531409740448,0.9955644607543945,28.77358490566038
350.cc,45.51650919958395,57.801418439716315,72.7017513884342,83.51863313360323,1720,97.61838912963867,0.9995100498199463,45.45454545454545
351.cc,61.835197444903585,63.422291993720556,77.46262797245119,82.61699133281488,1457,95.44233679771423,0.9993765354156494,54.6583850931677
352.cc,71.43532527365484,75.29411764705883,76.95583539371995,83.93589453963808,624,96.81723117828369,0.999534547328949,70.1923076923077
353.cc,69.6541936215142,73.63494539781591,81.9496817951563,84.73619171455572,1099,97.09368348121643,0.9989606142044067,60.89743589743589
354.cc,73.21547950840073,79.35779816513761,86.64867665425115,91.22413229955336,691,95.80076336860657,0.9962413311004639,69.02654867256636
355.cc,66.37884264723714,73.08970099667775,86.75271131381241,91.23266282144814,963,96.27619981765747,0.99867182970047,59.74842767295597
356.cc,77.83978544021964,80.28503562945367,86.63288627644681,91.89932671657529,518,95.94355821609497,0.9971219301223755,70.75471698113208
357.cc,69.06827464629667,68.67088607594937,82.11752265570088,86.71343247842141,1234,96.56502604484558,0.9984275698661804,63.33333333333333
358.cc,64.21336250523154,70.61503416856493,78.02532779424622,86.36338224533723,609,96.7405378818512,0.9994347095489502,57.758620689655174
359.cc,39.21938755442527,48.695652173913054,70.56582292291745,85.45560563088729,2010,94.03364062309265,0.9972323179244995,40.229885057471265
36.cc,21.29900787516363,13.333333333333334,38.59501219178994,60.027385924299395,3663,89.54712152481079,0.9967031478881836,27.083333333333332
360.cc,33.55605215080476,43.66197183098592,69.61910631948682,83.1972419459472,1831,94.36567425727844,0.9993473291397095,36.470588235294116
361.cc,49.648774838032814,57.74058577405857,76.5801178802663,88.65165550413936,1212,95.55407166481018,0.9993268251419067,47.5177304964539
362.cc,50.41956552730503,61.19658119658119,78.68444704669454,88.74980236362194,1596,93.56951117515564,0.9973158836364746,47.82608695652174
363.cc,56.81778007431925,63.058823529411754,71.81218313318158,85.75785108173042,930,95.51823139190674,0.9992721080780029,49.59349593495935
364.cc,43.802865496363296,54.726368159203986,73.50148336231625,84.30896822748852,1132,95.66574692726135,0.9983488917350769,43.47826086956522
365.cc,48.75867741164557,57.92,76.76475030257983,88.19089209432478,1740,94.33854818344116,0.9992426633834839,48.795180722891565
366.cc,59.56754333008104,64.48598130841121,77.3130006451386,87.59604164771697,917,95.85184454917908,0.9991875886917114,52.41935483870967
367.cc,29.68544624591055,33.80281690140845,62.23933836912406,81.81511232460973,2646,94.86762881278992,0.9993438124656677,35.19553072625698
368.cc,45.502034044689815,49.32885906040268,73.98629021974529,86.9962790885762,1834,94.55063939094543,0.9991992712020874,48.42767295597484
369.cc,71.33891493097988,69.66824644549764,84.54276441000879,91.88851936025496,819,95.6768274307251,0.9968552589416504,63.55140186915887
37.cc,16.457588227336533,17.96116504854369,36.3299278086968,41.90584269856355,15555,84.97820496559143,0.9872275590896606,27.873563218390807
370.cc,44.43850830492721,51.515151515151516,68.25497780495495,83.61397275083536,1611,94.95434165000916,0.9978348612785339,40.625
371.cc,66.0343518868395,65.41737649063033,83.90942891406024,90.59319979980827,1437,95.79875469207764,0.9987021684646606,62.758620689655174
372.cc,64.61332633163525,66.34615384615384,73.4511363810756,87.65088754919546,708,97.17830419540405,0.9992588758468628,51.28205128205128
373.cc,62.677651278061354,62.731871838111296,81.79851081944751,90.4041502132204,1368,95.1312243938446,0.9990153312683105,61.48648648648649
374.cc,34.25094937372282,33.68146214099217,67.07680009986463,84.05243884511123,3230,93.80930662155151,0.9975469708442688,37.93103448275862
375.cc,53.458164778498556,51.19047619047619,75.941614503831,85.750749278785,1815,94.64392066001892,0.9991064071655273,51.19047619047619
376.cc,63.98581051885334,66.18004866180048,76.45892313267031,86.00542520655688,802,96.9350516796112,0.9996305704116821,53.38983050847458
377.cc,29.477566886948733,40.0,65.36906988308957,82.25597377324836,3876,93.33932399749756,0.9989664554595947,33.03167420814479
378.cc,30.718374235898114,44.16,65.99618576535082,84.03426606076471,2620,93.78902912139893,0.9984629154205322,32.947976878612714
379.cc,65.69012177778488,74.70449172576832,85.67923305979028,90.3377863534443,524,97.32708930969238,0.9996551275253296,65.71428571428571
38.cc,17.09758852928931,16.719242902208205,34.95869605730379,39.26875487194432,23612,86.082524061203,0.9862598180770874,27.07535121328225
380.cc,48.69147897362151,58.46153846153845,77.48041091225055,88.59106728786658,1537,94.07275915145874,0.9983354806900024,48.275862068965516
381.cc,64.89857591179026,69.43765281173594,76.5375401081812,88.59376926431223,706,96.78491950035095,0.9994323253631592,55.85585585585585
382.cc,70.10251316602523,77.58186397984886,83.4898582527042,89.0731966134425,468,95.6945538520813,0.9966359734535217,71.73913043478261
383.cc,46.99285497544465,52.17391304347826,70.45951031393469,79.54361470032522,1508,94.16859149932861,0.9980902671813965,49.681528662420384
384.cc,61.29732579461363,67.12962962962963,74.13524095700592,85.5005505385636,935,95.5872893333435,0.9964461922645569,50.81967213114754
385.cc,73.45571754827802,79.80997624703087,87.51237755211262,92.82821971360165,492,95.86778283119202,0.9963139295578003,72.0
386.cc,53.039512868248146,58.78693623639192,77.61674269718971,87.42476604871231,1506,94.5150375366211,0.9990133047103882,53.142857142857146
387.cc,55.02137643840505,52.86885245901639,63.44478879167157,69.18117292910134,1244,96.14410400390625,0.9988409876823425,48.201438848920866
388.cc,50.60557779415418,54.607508532423196,76.14460896628908,81.12030621372104,1673,95.10859251022339,0.9990261793136597,50.943396226415096
389.cc,41.230039303038936,53.69458128078817,68.72254242921572,84.89508009120279,1219,95.32771706581116,0.9992207288742065,43.69747899159664
39.cc,20.225265169915005,23.220973782771534,42.13286323199499,,10650,85.54160594940186,0.9877343773841858,32.81519861830743
390.cc,60.45094100878351,67.4364896073903,79.87846838770668,85.93697916103747,766,96.29867672920227,0.9991502165794373,55.55555555555556
391.cc,63.862363040080815,57.29537366548043,84.47419204744998,89.31163240407062,1526,93.60787272453308,0.9978621602058411,60.416666666666664
392.cc,60.72867625060997,65.01240694789082,73.4552722742247,86.40025299495674,865,95.09240984916687,0.9958558082580566,54.46428571428571
393.cc,53.22367405666412,60.00000000000001,74.13879238929384,80.68319110335074,1199,95.42726278305054,0.9971796274185181,51.006711409395976
394.cc,53.16062658480494,58.64332603938731,74.12474637626168,87.33886839055445,1090,95.37602066993713,0.9992555379867554,55.55555555555556
395.cc,47.9499196141346,56.785714285714285,79.24385217740927,86.93298202216067,1525,93.77421140670776,0.9983820915222168,57.14285714285714
396.cc,37.32957256026118,46.38157894736842,70.63603231613078,83.69261502914792,2325,94.7797179222107,0.9992426633834839,43.63636363636363
397.cc,63.6699608864687,57.4404761904762,79.19965310297407,84.53664673748095,1745,96.56897783279419,0.9990869760513306,55.15151515151515
398.cc,55.77789697906254,53.88127853881278,73.58327166603712,83.86821420869695,1841,95.40334939956665,0.9969576001167297,47.701149425287355
399.cc,61.54109410818417,61.184210526315795,77.39292175336867,67.61659882521994,1582,95.45443654060364,0.9972510933876038,62.676056338028175
4.cc,76.6814912737302,80.47808764940238,81.56678544441353,83.55111097120059,252,97.68076539039612,0.9994550347328186,63.51351351351351
40.cc,35.99019236884638,23.120567375886523,52.90951300609381,70.21300730313864,5329,86.69878244400024,0.9872869253158569,31.980906921241047
400.cc,53.85237340757068,47.15719063545151,66.35661060675719,75.79266940239377,1658,96.38593792915344,0.9994564056396484,42.10526315789473
41.cc,25.889868699495032,22.30005837711617,44.368940601710186,57.414919727697644,7330,84.70900058746338,0.9873272180557251,27.058823529411764
42.cc,44.56589944107568,38.30049261083743,65.82376643897558,78.82132717578895,5505,92.34718084335327,0.9970211982727051,36.51551312649165
43.cc,48.708672161835295,41.10169491525424,64.94325469454449,76.92632784896146,4774,90.27750492095947,0.996764063835144,40.54054054054054
44.cc,22.203303094942402,22.684310018903595,40.30772083117905,56.03293424167747,7194,85.09778380393982,0.9851608276367188,25.379609544468547
45.cc,23.28770742434629,18.296169239565465,43.886226547786215,55.595906900666556,7713,83.8008463382721,0.9859326481819153,24.4
46.cc,28.13102854947537,28.287841191067,50.39975136520239,55.51184897154625,6508,87.33591437339783,0.9897785782814026,29.25170068027211
47.cc,24.091555424949284,22.732240437158467,39.432656073930936,51.904552434905526,11969,85.89107394218445,0.9872967600822449,24.960753532182103
48.cc,33.30122713750916,22.53968253968254,51.8561406454017,54.1910516896888,12995,91.66591763496399,0.9954327940940857,34.58110516934047
49.cc,26.119985654638253,19.830713422007253,48.514967590418244,47.432297589656386,16706,91.28003716468811,0.9932535886764526,30.14354066985646
5.cc,78.03401865805114,78.83211678832119,83.50120558482192,85.1365878261802,368,94.94162201881409,0.9969102144241333,64.55696202531645
50.cc,22.00858417132653,17.480537862703464,44.04751703611022,37.395369022605315,14833,89.5801305770874,0.9939002990722656,31.0
51.cc,41.584282071895856,33.912439193884644,59.236275815247154,76.20065009411712,5260,90.13151526451111,0.9958651065826416,33.4106728538283
52.cc,54.947165054394716,49.58217270194986,68.50181438239058,79.92372584867637,3112,89.5208477973938,0.9965156316757202,45.68345323741007
53.cc,13.13750848754863,18.791143028126868,30.421147359624857,30.50227502009333,15761,88.66474032402039,0.9910805225372314,27.454545454545453
54.cc,33.16825656455262,33.15764254911356,50.11445430028781,53.732515921223246,8788,90.4959499835968,0.9929785132408142,36.83083511777302
55.cc,76.50495025723413,74.88372093023257,84.2728627286392,85.63994705086208,3093,84.22355055809021,0.9796504378318787,73.54085603112841
56.cc,11.736405733515346,15.695194768268411,30.907654840008846,,17526,85.69486737251282,0.9859384894371033,23.66288492706645
57.cc,41.842345058353544,40.646029609690444,62.21207191556888,72.02006728544188,2443,91.04319214820862,0.9961128234863281,41.6289592760181
58.cc,26.84761392571241,21.036428937916877,48.63683324922841,55.24234376223453,7544,85.05414724349976,0.9873416423797607,28.07017543859649
59.cc,44.93582969398806,54.65288035450517,66.63734292650578,69.76831942663692,1655,91.26361608505249,0.997545599937439,50.99009900990099
6.cc,72.84597889350474,75.23680649526388,79.01749623857671,87.84852807465032,1158,95.43741941452026,0.997502863407135,55.05050505050505
60.cc,18.80306845116732,21.344421344421345,39.09942043118429,56.27375759109113,6159,88.12959790229797,0.9925369620323181,24.890829694323145
61.cc,28.25221423120748,19.209039548022602,45.08180665240386,51.29425978946605,8048,88.6419415473938,0.9946916103363037,31.004366812227076
62.cc,31.151436577075753,27.356598475732046,48.12742299097053,57.45598452790362,9687,83.475661277771,0.9874221682548523,32.28476821192053
63.cc,22.96560349757905,44.822695035460995,54.54098471280818,54.40534526798573,2811,87.59134411811829,0.9927537441253662,39.737991266375545
64.cc,37.97864782467259,27.287066246056785,54.2106722342928,,4324,87.88288831710815,0.9917495846748352,30.287206266318538
65.cc,0.8581834773013904,11.364579012857734,16.705771732481935,14.77259839805088,36627,86.65780425071716,0.9870346188545227,20.95115681233933
66.cc,10.78499371362269,20.38007863695937,32.30704107609989,33.055761205200355,16102,89.92461562156677,0.9936324954032898,24.701873935264054
67.cc,34.253717331372144,25.12968299711816,52.442882775662866,61.92071293166902,6729,92.42830872535706,0.9978757500648499,29.64824120603015
68.cc,32.73828280233943,25.177749895441238,48.314102554810255,63.737866309171906,10440,87.54643201828003,0.9838802814483643,31.931166347992352
69.cc,37.912800940110564,31.68316831683168,63.01926357731483,76.13247517877468,6167,95.61641812324524,0.9990751147270203,34.32432432432432
7.cc,50.28421577367213,46.97095435684647,71.69476904231638,79.23046874450947,2146,93.04808974266052,0.9967650175094604,41.02564102564102
70.cc,36.08640021566952,30.18641010222489,63.54983059947031,76.43087153765188,6179,91.52941703796387,0.9974393844604492,37.84530386740331
71.cc,36.691303274461035,33.54037267080746,56.97330913532517,65.03535011743041,2921,89.11457061767578,0.997347354888916,29.411764705882355
72.cc,9.174580341271604,21.39070782662925,30.09118527772696,36.840489872916024,18805,90.78382849693298,0.9971346855163574,24.18032786885246
73.cc,35.907514697048846,36.8728121353559,53.852234762135446,57.5728160967105,2393,90.7444715499878,0.9976760745048523,34.97757847533632
74.cc,35.5114282439523,21.284682630178636,52.317473856824556,71.72628813499897,10728,85.77836155891418,0.9830531477928162,30.01579778830964
75.cc,40.68021165927331,34.16087388282026,61.640226700379245,78.18791503167786,3124,88.92499804496765,0.996896505355835,34.35114503816794
76.cc,19.787192352471642,25.546448087431695,53.762556581719956,75.84781158017128,7047,88.87948393821716,0.9956276416778564,33.80782918149466
77.cc,37.40437742873818,29.852266938359655,54.82599503682819,58.70647765786371,6470,89.32649493217468,0.9954137206077576,30.73170731707317
78.cc,34.04509968473809,29.024507448342142,49.758543449452254,61.2496472477502,6377,88.67987394332886,0.9943227767944336,28.57142857142857
79.cc,34.4951783707218,29.947328818660644,57.34774244177455,76.44998567153928,4711,88.67838978767395,0.9957830309867859,26.975476839237057
8.cc,34.413048419454505,33.50785340314136,54.63130575517157,50.571797205629686,3603,93.59325170516968,0.9978536367416382,32.038834951456316
80.cc,50.44590160702379,40.74074074074074,69.07086072141733,81.29816957354247,3104,92.99830794334412,0.9983189702033997,41.32231404958678
81.cc,29.367722186379993,27.066666666666666,46.3872948352513,52.110366228760505,6223,88.74144554138184,0.9871534109115601,33.67088607594937
82.cc,36.21127939160634,30.8710033076075,56.307205546026175,72.03781557796795,2913,91.19933843612671,0.9958605766296387,27.85234899328859
83.cc,51.278373916469675,50.44776119402985,69.41743690636962,82.71979352717462,1986,92.86854267120361,0.998096764087677,49.42528735632184
84.cc,26.08116692255333,32.568306010928964,57.12702995993795,77.94973590206588,4382,90.23582935333252,0.9956575632095337,37.344398340248965
85.cc,12.093959246998503,15.156646909398816,29.89350391962728,32.530658546735296,12598,86.10836267471313,0.9956599473953247,19.5970695970696
86.cc,24.61878455873091,23.056300268096518,48.52975373862669,71.5276229058556,7195,88.57685923576355,0.9926434755325317,22.79202279202279
87.cc,28.441684966754096,20.459518599562365,43.928684856407926,58.40963537160504,7069,92.40726828575134,0.9979320764541626,21.96969696969697
88.cc,22.493049059007653,32.0,48.885429876092914,55.508452353912155,6831,91.85040593147278,0.9967023730278015,32.4390243902439
89.cc,11.611743144693044,24.11594202898551,37.958526209142946,40.24371006561409,9258,85.46726107597351,0.9824788570404053,25.957446808510635
9.cc,39.79458425162902,34.81527864746399,59.42529971965471,68.15068906063418,4147,90.24136662483215,0.9964883923530579,31.02189781021898
90.cc,29.824652459216196,23.726708074534166,56.16801980109535,70.27093901197283,5929,88.08038234710693,0.9925552606582642,26.884422110552762
91.cc,37.73149523184431,30.245746691871457,55.720037030973536,,5667,88.12723755836487,0.9950976371765137,27.873563218390807
92.cc,30.895176184400405,26.660059464816648,51.43491803653314,,6208,87.55703568458557,0.9956179261207581,22.650602409638555
93.cc,27.247813480868437,30.238290879211178,57.710767150790986,74.61626817936295,5164,91.71695113182068,0.9966474175453186,37.94326241134752
94.cc,23.22528056126523,25.428571428571427,57.47182238695757,74.59714491941257,6681,91.50881171226501,0.9960973262786865,36.177474402730375
95.cc,20.125527488767233,16.930775646371977,38.17805610357816,45.59010427385734,10387,89.6340012550354,0.995772659778595,27.892561983471076
96.cc,28.414818320933854,32.16783216783217,57.20293161799693,75.78919546157537,3133,90.41562676429749,0.9954214692115784,26.24113475177305
97.cc,18.61472166129029,25.350140056022408,40.305861192837156,56.199441022389095,5267,90.09171724319458,0.9953796863555908,27.341772151898734
98.cc,32.61237798349461,27.421494913754973,59.514103906560166,76.9803372088846,6830,86.12339496612549,0.993494987487793,32.819383259911895
99.cc,36.294852353445776,33.36339044183949,56.317746479795936,66.06799445468027,3456,89.08158540725708,0.9958716630935669,32.758620689655174
