file,BLEU,ROUGE_L,ChrF,CodeBLEU,Levenshtein,CodeBERTScore,EmbeddingCosine,CloneJaccard
1.cc,63.498977372560525,74.43037974683544,77.03015814185707,80.89473951705362,545,93.67833137512207,0.9963282346725464,62.37623762376238
10.cc,36.90418528940834,34.85477178423236,62.14658732649993,74.9783780647438,3727,91.48428440093994,0.9964228868484497,36.12167300380228
100.cc,10.267713878863985,24.72256473489519,31.75888192228377,38.321181869586276,18592,90.41125774383545,0.9964415431022644,25.477707006369428
101.cc,39.91368651002454,33.86960203217612,54.74086314214199,72.87368996356805,3951,86.61896586418152,0.9924894571304321,29.931972789115648
102.cc,27.41701786213889,23.29113924050633,44.671665872979545,56.839407103429785,5195,90.86342453956604,0.9937237501144409,22.015915119363395
103.cc,36.51455745801267,31.862217438105482,57.259507676285835,68.4958455772001,3330,88.8956069946289,0.9944381713867188,35.483870967741936
104.cc,34.89925925912804,34.97854077253219,54.02271845565216,60.94775912570067,2745,91.73668026924133,0.9975294470787048,34.285714285714285
105.cc,31.870013581284667,32.083333333333336,63.20104880104325,78.0274985761367,3692,91.11810326576233,0.9933645725250244,35.146443514644346
106.cc,33.32348954249928,36.2555720653789,61.549862793392776,78.31754118857458,4848,88.29521536827087,0.9969944357872009,38.07692307692307
107.cc,35.105342697417605,32.86713286713287,58.732971931278165,76.76591825683788,2916,90.37505984306335,0.9928643107414246,38.05309734513274
108.cc,25.49740732133112,25.938566552901023,54.962123895540515,77.38852808870553,4456,86.45927309989929,0.9950063228607178,28.000000000000004
109.cc,33.152813900569065,28.12742812742812,48.46375405552393,66.84474185184693,5108,85.43650507926941,0.9809730648994446,25.878594249201274
11.cc,56.26968549963344,54.263565891472865,71.85749279003923,83.29186967711968,1695,91.57556295394897,0.9966996908187866,51.74418604651163
110.cc,26.81203527061156,25.734265734265737,48.961820401088694,73.18789847751131,2723,89.55383896827698,0.9908415675163269,29.493087557603687
111.cc,36.35969436491646,30.56092843326886,54.51808789213727,74.35033447592593,3381,90.03562927246094,0.9954276084899902,29.8932384341637
112.cc,36.00713821040671,25.66646001239925,54.94589415840719,73.19060002564804,5697,89.0241265296936,0.9950379133224487,29.144385026737968
113.cc,30.1173335925707,24.609375,48.05801873524935,73.80546460539345,1523,91.71862602233887,0.9970145225524902,17.857142857142858
114.cc,29.43400136368119,27.85340314136126,52.896566920441636,72.94698223313692,3978,91.85894131660461,0.995653510093689,30.46875
115.cc,47.10711553974269,49.478672985782,73.52923332820014,83.78082897930894,3549,93.12553405761719,0.997124195098877,48.44961240310077
116.cc,45.20096070762737,42.99065420560748,69.95762783498222,79.21819024580871,3789,94.02247071266174,0.9979673624038696,40.51446945337621
117.cc,48.167385071585755,46.26278520849724,69.03057573991964,79.46971359906195,3904,93.41650605201721,0.9955316781997681,38.762214983713356
118.cc,41.58869291747409,39.07863383637808,56.18101609284775,56.51200866119641,4031,95.78444957733154,0.9984197616577148,41.44736842105263
119.cc,34.93563435604854,37.04735376044568,49.710748192642875,50.513567424302444,5300,92.926687002182,0.9978258013725281,39.38461538461539
12.cc,22.025904288064446,28.037383177570092,53.90649096600851,77.26261110653114,5607,89.51134085655212,0.9952574968338013,35.08064516129033
120.cc,47.32690167610607,42.40924092409241,65.58075421985868,72.83971354245185,3744,93.6777114868164,0.9978976249694824,43.389830508474574
121.cc,33.58124374714663,32.78472679394338,57.761347640649184,72.85861572988715,5254,92.89485812187195,0.996490478515625,34.36619718309859
122.cc,46.515072122288345,62.6465661641541,66.12565083936805,71.21612256336893,1234,92.67891049385071,0.9928123950958252,53.956834532374096
123.cc,54.399553233865305,54.928017718715395,63.669965743113096,81.44504886211114,1885,95.32467722892761,0.9985032677650452,46.1139896373057
124.cc,46.61671535192818,46.80232558139535,68.91505053434159,83.94025408973495,1396,93.49774718284607,0.9965443015098572,50.0
125.cc,32.49958460699374,37.546933667083856,59.281741897401695,76.82813784385635,2582,92.06395149230957,0.9964946508407593,35.56701030927835
126.cc,34.124160840252394,40.7040704070407,68.24023109929499,82.69482678007203,2879,93.5244083404541,0.9974344968795776,40.0
127.cc,54.58155784396426,57.76566757493187,65.34736260945459,83.37380365609583,1202,95.4316794872284,0.9972797632217407,49.668874172185426
128.cc,42.97427261800158,41.787439613526566,65.69934019189537,82.97810057375318,2201,94.22433376312256,0.9968271255493164,38.97435897435898
129.cc,20.920959185098717,21.345029239766077,53.91713128764286,72.79050908612335,5417,91.33598208427429,0.9952501654624939,27.85234899328859
13.cc,18.781959416683407,22.046109510086456,45.091359018630676,60.45904257625019,13787,84.37724709510803,0.9832144975662231,31.879194630872483
130.cc,31.006368999679985,37.706511175898925,65.2362278696443,80.62134300806753,3989,93.5991644859314,0.9983522891998291,39.1705069124424
131.cc,40.56001836080092,41.19170984455959,62.96783089743836,80.34916018484284,2332,91.00135564804077,0.9959502220153809,36.868686868686865
132.cc,27.489876482313385,36.95652173913044,63.86119364890058,82.23525867486471,4231,92.05470681190491,0.9973609447479248,39.111111111111114
133.cc,52.73622579483986,60.8424336973479,73.97036022834286,84.38198416546942,1311,96.72025442123413,0.9992405772209167,51.973684210526315
134.cc,23.152045497397683,22.999222999222997,58.472570475327636,76.72944214198169,6215,92.62111186981201,0.9957948923110962,26.34730538922156
135.cc,39.2112695670423,47.113884555382214,71.61326882847926,83.01861970485282,2067,92.57734417915344,0.9978420734405518,45.05494505494506
136.cc,49.349757618273365,49.32432432432432,70.24913114840443,82.366816515639,1758,91.90318584442139,0.9969477653503418,53.74149659863946
137.cc,47.5168628380544,52.325581395348856,64.22057325133034,75.73627091187006,1749,92.0504629611969,0.9949749708175659,46.62576687116564
138.cc,45.971656461614515,55.5407209612817,60.59799378971482,70.55281997818057,1803,93.16188097000122,0.99663907289505,53.896103896103895
139.cc,29.981946291971358,36.93693693693694,46.72774665337481,52.96654644746776,3325,92.2136902809143,0.9960382580757141,41.208791208791204
14.cc,15.628421889533378,19.05439033060789,31.245862311534633,35.38416655189182,13189,90.12139439582825,0.9913786053657532,26.857142857142858
140.cc,48.75726186234471,47.7657935285054,64.26587186406448,78.95053724675924,1615,93.60537528991699,0.9983677864074707,50.29940119760479
141.cc,48.197021622900884,51.5759312320917,67.58986437798839,83.6161774533821,1648,95.33026218414307,0.9961135387420654,39.1812865497076
142.cc,52.16456419356184,53.003533568904594,57.506112299037405,81.05449033467504,1373,96.38808965682983,0.9994285702705383,45.94594594594595
143.cc,49.10224807808542,51.06382978723405,56.42238957959057,77.28989777545851,1709,95.49073576927185,0.998828649520874,43.91891891891892
144.cc,49.472776700848,48.32826747720365,60.83463170453022,77.77885850190367,1716,95.17813324928284,0.9978854656219482,41.37931034482759
145.cc,30.28169152811689,42.508710801393725,63.714565268867965,83.62582697622275,3603,90.83857536315918,0.99626225233078,36.160714285714285
146.cc,36.08183113075959,39.285714285714285,62.985444243408764,78.80146573994735,2544,92.35647320747375,0.9981799125671387,38.67924528301887
147.cc,63.11854225380482,59.818731117824775,75.68812561610785,87.38810407561822,1166,96.04328870773315,0.9993844032287598,55.38461538461539
148.cc,49.67421337798947,47.14640198511166,64.290121860629,82.54450363341567,1579,94.48809027671814,0.9979528188705444,39.33333333333333
149.cc,59.15151423369045,61.85185185185185,68.29839373396858,84.61101489548163,884,96.42851948738098,0.9991172552108765,53.90625
15.cc,28.627830782786695,17.71428571428571,52.65368818256421,71.09853066922662,10772,86.11342906951904,0.9922519326210022,27.75862068965517
150.cc,63.13591984102454,64.74358974358975,71.56328755921915,85.89187947745081,1085,94.27227973937988,0.9961734414100647,53.284671532846716
151.cc,68.74445499092462,77.85234899328859,80.02060114873522,86.64730725321739,428,96.58336639404297,0.999341607093811,66.97247706422019
152.cc,73.26336317265124,80.17429193899781,83.1311764538504,89.721174964351,465,98.07677268981934,0.9993953108787537,71.02803738317756
153.cc,60.965965437149045,64.42953020134229,73.10787738431242,85.81401352422392,1106,95.34900784492493,0.998590886592865,53.205128205128204
154.cc,36.93943758210601,39.12175648702595,61.36856516603964,78.31048787114277,2925,92.93849468231201,0.9958875179290771,34.65703971119133
155.cc,27.876985568741688,28.57142857142857,54.900240476270945,76.0028815972563,4693,94.34529542922974,0.997268795967102,31.338028169014088
156.cc,33.47302061036585,32.46492985971944,59.50177111133031,76.37052746166609,3259,92.20277070999146,0.9968776106834412,35.094339622641506
157.cc,19.53794604678096,21.45850796311819,45.99725960515841,70.85548983477568,5275,91.12717509269714,0.9960277676582336,25.259515570934255
158.cc,56.179361462376946,56.661562021439515,69.31361027299448,81.83734255370166,1635,95.67700028419495,0.9983904957771301,53.37078651685393
159.cc,44.27915253082072,51.07398568019092,71.07033175067328,80.94497970275509,2163,94.12915110588074,0.9984798431396484,54.385964912280706
16.cc,32.22382521507182,27.62022194821208,48.42420460424206,56.41989046938352,7083,90.934818983078,0.9957649111747742,40.42553191489361
160.cc,39.74650785545104,40.782122905027926,71.14563005683044,84.3861157150761,5571,92.67014265060425,0.9967092275619507,39.58333333333333
161.cc,41.123850229169776,46.306306306306304,71.72952060473318,79.77043439712124,3999,95.91507911682129,0.999151885509491,47.91666666666667
162.cc,40.55059008994255,48.90350877192983,71.83227681266953,80.83529834939208,2718,93.36565136909485,0.996743381023407,51.33689839572193
163.cc,56.353861699141326,62.5222024866785,68.60045909248133,79.42190051315946,1104,96.87886834144592,0.9995419979095459,58.21917808219178
164.cc,55.175198955982644,49.877750611246945,67.30274590306644,84.93140501367581,1764,96.13720178604126,0.998919665813446,45.02923976608187
165.cc,48.98173939296591,49.509803921568626,63.80125139971188,79.31710475323051,2319,92.02234745025635,0.9964842796325684,36.231884057971016
166.cc,42.034264319799135,53.53260869565217,73.04243074863062,83.96449470680972,2178,90.94679355621338,0.9959414005279541,43.93939393939394
167.cc,54.90159206006894,56.73758865248227,76.62519584766795,86.87050272766119,1412,91.59801006317139,0.9979193806648254,52.980132450331126
168.cc,31.687014948990196,38.923395445134574,63.57000783692188,77.3548813273567,4064,91.5804922580719,0.9974838495254517,32.3943661971831
169.cc,65.89708596102045,66.23093681917211,74.60452291796628,85.7339739649119,921,94.53391432762146,0.9988134503364563,58.59375
17.cc,9.246974789927743,20.032840722495894,26.359149354797886,25.198499130981183,12594,88.44749331474304,0.9915993213653564,29.63855421686747
170.cc,58.43552781044144,53.751399776035825,68.57278405541264,77.96062036544097,2258,94.91052031517029,0.9962747693061829,48.333333333333336
171.cc,25.161878579250992,28.947368421052634,55.158871227919995,71.24706155580182,5123,92.72311925888062,0.9969482421875,28.700906344410875
172.cc,38.56808362409768,41.23711340206185,65.40555457320237,78.11026763753874,3412,91.75636172294617,0.9962588548660278,39.67213114754099
173.cc,44.264743770144435,41.32091447925487,69.71520968552058,80.58350825813089,3977,95.44973373413086,0.9990113377571106,42.12328767123288
174.cc,37.743977632371475,46.69187145557656,65.19851325545412,74.7563317752471,5253,94.58906650543213,0.9973039031028748,37.890625
175.cc,63.50308099016663,67.54270696452038,73.68095343808514,80.280221423993,1426,96.44019603729248,0.9994890689849854,52.17391304347826
176.cc,50.891753022658634,57.89473684210525,70.13703382521678,83.37245626415023,1604,94.98549699783325,0.9962124824523926,41.62162162162162
177.cc,43.35130668631014,38.522427440633244,56.92043071492523,67.02778183673557,3596,95.02329230308533,0.9972817897796631,40.25974025974026
178.cc,56.673626841830234,56.48148148148147,69.59358445813821,75.6884518665852,1540,95.58340311050415,0.9992249608039856,51.76470588235295
179.cc,65.08734009634043,59.77443609022556,74.78206589359037,82.80866640897251,1083,95.68344950675964,0.9976365566253662,54.666666666666664
18.cc,38.250023634794196,31.93717277486911,57.28118920658224,65.12488083853175,3911,92.69470572471619,0.9954700469970703,39.183673469387756
180.cc,61.089077566506226,55.09325681492109,74.6418160797146,84.49930469344315,1572,95.54399847984314,0.9990345239639282,52.02312138728323
181.cc,57.661987418416025,55.55555555555556,77.55814313529487,86.43534700301953,1525,95.34998536109924,0.9978386163711548,51.17647058823529
182.cc,52.44771318475919,43.47826086956522,75.58629434843004,85.4271840653311,3101,96.48082256317139,0.9994250535964966,50.43478260869565
183.cc,45.03473084055206,41.29746835443038,70.23394835254966,82.85824607136567,4019,93.95463466644287,0.9990350604057312,38.49372384937239
184.cc,63.537488633172934,58.333333333333336,82.13758280355789,88.8490892203788,2501,95.09955048561096,0.9996135234832764,62.06896551724138
185.cc,29.0186329544336,28.818443804034583,60.13993808910225,77.90913997887212,5207,95.23007273674011,0.9991248250007629,35.01683501683502
186.cc,35.00416284279278,35.480464625131994,64.33809928490349,76.4398111886554,3374,91.74714684486389,0.996824324131012,34.97942386831276
187.cc,20.646379049378297,26.378227494766225,53.79683616421457,73.334285608518,6089,92.13556051254272,0.9972898960113525,32.61802575107296
188.cc,49.20639253260857,56.39269406392694,79.51555476292025,87.1241479038112,2907,94.75443959236145,0.9985896348953247,48.38709677419355
189.cc,38.96079761727201,43.425076452599384,60.61222471116105,76.42010762645936,1923,94.63289976119995,0.997140645980835,38.82978723404255
19.cc,42.52375243121558,38.93129770992366,62.224599626205816,69.408836161912,6027,88.77018690109253,0.9932843446731567,35.09234828496042
190.cc,21.615773199613937,24.080882352941178,54.12397878786878,74.71723896459255,5439,91.2216067314148,0.9949832558631897,27.45762711864407
191.cc,38.50727486463519,37.05069124423963,68.32664245905235,79.68426692596336,4380,92.51861572265625,0.9972163438796997,38.15789473684211
192.cc,43.814422344570296,42.211055276381906,70.89625097697974,84.8215024488906,2166,92.59248971939087,0.9971396923065186,42.934782608695656
193.cc,55.68226232284589,58.108108108108105,67.720905062438,80.10734458470967,993,95.131915807724,0.998596727848053,51.49253731343284
194.cc,42.78030394959439,42.44426094137077,67.9487622408521,80.96659895135076,3563,92.7864670753479,0.9980612397193909,35.92592592592593
195.cc,37.12809899945644,41.76470588235295,67.2658864186192,79.51534717935978,2263,90.44527411460876,0.9938663244247437,49.45652173913043
196.cc,44.41860729299847,43.78947368421053,73.37862138166643,82.0472882967784,3103,91.7761743068695,0.9968953132629395,46.186440677966104
197.cc,34.45315560062539,44.47334200260078,61.605144614762274,79.20316257922637,2356,90.44052958488464,0.9949556589126587,37.94871794871795
198.cc,51.07944644830789,42.51968503937008,61.87417555951256,77.12184248432503,2398,92.88431406021118,0.9971534609794617,34.21052631578947
199.cc,48.007183923037715,45.564516129032256,68.54062707667899,81.95271487033354,2741,93.10585856437683,0.9973753690719604,43.30708661417323
2.cc,42.60934179567156,53.65853658536586,72.31550280494062,83.34796872914869,698,92.88252592086792,0.9942108392715454,40.65934065934066
20.cc,41.91462321249017,35.07462686567165,59.7242071556201,73.9438787581654,4007,87.89791464805603,0.9935531616210938,32.05882352941177
200.cc,47.00622047487742,46.57534246575343,72.50794654386462,77.05408048796033,3211,96.04028463363647,0.9993427991867065,50.0
201.cc,56.09341596869443,66.03773584905662,77.47962197928281,86.6559264722243,1922,96.22151255607605,0.9980322122573853,65.59139784946237
202.cc,38.18595100766015,38.27919227392449,67.90990844161337,80.73415384164136,4067,92.49136447906494,0.9976350665092468,42.394822006472495
203.cc,29.682879608271488,27.47979426891991,57.16620425263942,73.57632806841316,5834,92.46519804000854,0.9957376718521118,26.843657817109147
204.cc,38.27674242492307,39.813084112149525,64.07034004217164,79.2348764204739,3354,91.95495843887329,0.9957983493804932,35.84905660377358
205.cc,58.435632102999406,48.65470852017937,72.57467215338471,79.05627503143283,2362,94.91599798202515,0.9988799095153809,48.90829694323144
206.cc,30.812498106474358,31.52454780361757,60.56378861897065,77.34329969723642,4141,93.08702349662781,0.9964947700500488,33.57664233576642
207.cc,50.49842626091348,46.00715137067938,67.02354159618427,76.52152411539302,2854,91.45398139953613,0.9933463335037231,45.77777777777778
208.cc,24.78337540048958,31.175934366453966,62.510334691613366,78.76258959502536,4661,91.53064489364624,0.994185745716095,32.323232323232325
209.cc,30.94516876287674,38.361638361638356,64.27448760197846,79.53482721295597,3821,91.85876846313477,0.9971777200698853,34.66135458167331
21.cc,42.87462643372077,25.902335456475583,60.76645907509103,70.90220202633859,5944,90.43300747871399,0.9959540963172913,40.63492063492063
210.cc,37.51549490063326,40.06259780907668,68.867184109082,81.1542363910542,5000,94.10502910614014,0.9980642199516296,31.832797427652732
211.cc,45.231047715984545,48.26038159371493,70.85373283376161,79.95362356039927,2697,93.8835859298706,0.9991562366485596,43.2
212.cc,41.977873284236765,52.489905787348576,60.08392979552247,58.58643537215633,1971,94.87663507461548,0.9986934661865234,38.009049773755656
213.cc,45.541392420437695,50.974025974025984,58.97764134076133,65.74001029224887,1870,94.15801167488098,0.9974839091300964,37.967914438502675
214.cc,46.46191480058343,54.01987353206865,74.55987923238301,82.71800077024382,3148,94.88805532455444,0.9988216161727905,54.61538461538461
215.cc,55.91331325336013,45.78884934756821,73.37681256429919,79.90209824404592,2545,94.74896192550659,0.9981796741485596,50.22222222222222
216.cc,59.58582576327724,64.46700507614213,70.83587722181413,78.62039744834888,1614,95.74097394943237,0.9978901147842407,63.775510204081634
217.cc,58.01632303056061,43.05705059203444,69.79483498833,78.88991990513186,2643,96.66065573692322,0.9992319345474243,40.959409594095945
218.cc,42.93175304374609,47.53028890959926,70.60715128844922,79.15497939472945,3438,93.80016326904297,0.9990506172180176,44.48275862068966
219.cc,75.00430552792098,80.31914893617021,85.15504964851525,89.08186609886562,426,95.37785053253174,0.9948368072509766,69.14893617021278
22.cc,32.96656269267924,25.6857855361596,57.06101066933602,72.43096097774823,2630,89.97499942779541,0.9967905282974243,37.37864077669903
220.cc,27.18139734618722,35.50913838120104,64.85323250163175,78.12006359650874,3498,91.56026244163513,0.9945834875106812,43.63636363636363
221.cc,26.650720522629356,33.08746048472075,61.03586487638372,77.71822656231623,4374,92.61025190353394,0.9962043762207031,41.45077720207254
222.cc,34.95977167788963,40.07744433688287,70.18529996859158,81.25887768667272,4096,92.83475279808044,0.996837854385376,40.32921810699588
223.cc,37.20988829643327,40.054127198917456,67.37319552961503,76.6667730917768,2906,92.76954531669617,0.9960346221923828,42.487046632124354
224.cc,43.33707407792752,45.78884934756821,72.66438855730961,81.09647620500043,2888,93.02902221679688,0.9946699142456055,44.34782608695652
225.cc,34.95438462270756,34.348355663824606,57.82359313798325,73.78577927904308,2780,92.4903392791748,0.9968293905258179,33.64485981308411
226.cc,44.43333361819168,41.911764705882355,63.46326330816603,72.49693594279938,2542,93.66422295570374,0.9982951879501343,37.552742616033754
227.cc,43.98025541199154,43.20203303684879,58.058250346131636,66.47895309319459,2242,92.64573454856873,0.9970582127571106,36.986301369863014
228.cc,33.71406594605301,31.770833333333336,52.58336815507003,57.12893532949818,2812,92.88742542266846,0.9968520998954773,27.237354085603112
229.cc,49.85986010000141,54.54545454545454,61.68108524912037,75.01319326196932,1007,93.88056993484497,0.9957947134971619,45.588235294117645
23.cc,21.038652026225765,17.16851558372953,37.23065180200447,50.94032370294631,20468,89.27054405212402,0.9931315779685974,23.513513513513516
230.cc,38.18527643619188,45.87412587412587,71.1489747966676,80.18284433738249,2715,92.42492318153381,0.9964163303375244,39.30348258706468
231.cc,45.05443160446432,51.442307692307686,64.35884803667196,75.75272340092728,1037,93.25476288795471,0.9958595037460327,42.96875
232.cc,32.3787602691432,43.3048433048433,66.44729932856464,77.8716894461158,2721,92.16676950454712,0.9941047430038452,31.8407960199005
233.cc,29.952254730444125,35.02051983584132,67.33995483468432,77.74670005470723,2751,92.72799491882324,0.9971981048583984,37.86407766990291
234.cc,33.21622811744307,36.21301775147929,66.02423007078943,80.19088115662998,3378,91.39259457588196,0.9966777563095093,40.625
235.cc,14.267641376903718,23.434343434343436,48.77784759885116,,5716,92.20507144927979,0.9953309297561646,30.165289256198346
236.cc,39.814719889896786,40.97560975609756,66.08608462724926,77.41482813222224,2162,92.04897284507751,0.9954532384872437,37.83783783783784
237.cc,46.777483249087524,47.11316397228637,58.84832432124825,72.7657072461626,1314,91.6277527809143,0.9953232407569885,38.970588235294116
238.cc,38.684287727730414,40.67278287461774,63.13322454443485,73.70886556751583,2051,94.7998583316803,0.9982189536094666,34.17085427135678
239.cc,60.24478512771244,63.90041493775933,72.85265707689453,85.8683356975963,941,95.51419019699097,0.9984380006790161,51.14503816793893
24.cc,29.508424787069014,21.75066312997347,47.609378807943905,69.28183312683942,4145,89.27279114723206,0.9957263469696045,26.492537313432834
240.cc,27.982894438902886,33.22615219721329,66.20071158479406,77.39452230672529,3951,92.85721182823181,0.9979178309440613,32.79352226720648
241.cc,48.29959933566261,51.09983079526227,65.076349033428,75.47191062904336,1434,95.07293701171875,0.9986813068389893,39.39393939393939
242.cc,28.864058221026795,32.11678832116788,58.07210783691653,70.62910075348286,2478,92.76919960975647,0.997892439365387,30.541871921182267
243.cc,35.46326240530679,51.61290322580645,58.7558047252407,75.83160892567433,284,93.58529448509216,0.9977019429206848,43.75
244.cc,62.65678982651787,66.19718309859155,63.569544132082015,80.90358063791392,218,94.87478137016296,0.9969984889030457,47.16981132075472
245.cc,44.52810543559821,54.106280193236714,61.15920522766905,78.66041902065454,462,94.77055072784424,0.9963942170143127,57.8125
246.cc,40.05731121747314,55.55555555555556,72.80099235072412,79.79931245503057,652,92.94756650924683,0.9938845038414001,47.12643678160919
247.cc,30.45137178536812,43.90243902439025,64.37456308189485,79.94560955458735,1309,93.70379447937012,0.9960249066352844,42.70833333333333
248.cc,40.28752858171142,53.521126760563384,67.68629017255205,81.78117386667843,812,93.81974935531616,0.9938423037528992,41.935483870967744
249.cc,58.61725858476954,66.95652173913044,73.4220870566627,83.96408116638867,442,96.19184732437134,0.9980881214141846,54.666666666666664
25.cc,27.634666094717467,23.022598870056495,44.12362025620123,49.19203863977841,16765,87.68147230148315,0.9921975135803223,30.629139072847682
250.cc,61.67394162053427,68.61924686192468,72.6675971669195,82.35323499661146,527,94.553142786026,0.996692419052124,44.871794871794876
251.cc,48.56424434620873,59.45945945945946,69.90583447142825,82.38090260797028,541,95.94478607177734,0.9967026114463806,47.05882352941176
252.cc,32.16848335781077,34.540389972144844,45.68715067376395,55.83185170971827,1060,90.40214419364929,0.9934924244880676,34.25925925925926
253.cc,47.42153081305583,59.72850678733032,66.75274057484528,80.53545758306664,541,94.0470039844513,0.9969077110290527,47.61904761904761
254.cc,92.96549444034902,95.81993569131832,98.47141162979648,97.40485804260848,69,99.50394034385681,0.9998822808265686,96.96969696969697
255.cc,67.48271478774012,78.04878048780488,90.04458322905147,92.84513875839062,936,94.7986900806427,0.9983228445053101,61.702127659574465
256.cc,75.57989946550427,79.54545454545455,90.12595890317202,93.39972717762168,356,97.49674201011658,0.9991669058799744,82.5
257.cc,45.48606421161573,44.140030441400306,78.60291698566805,87.2063325758372,2318,95.20819187164307,0.9980363249778748,40.21164021164021
258.cc,50.183993184099904,57.990115321252055,76.99749931606596,82.9180413522815,1694,93.57819557189941,0.9984792470932007,47.22222222222222
259.cc,36.40750038786143,46.821705426356594,70.98303650550753,84.59544327369908,2610,94.18004751205444,0.9988565444946289,33.83084577114428
26.cc,37.33242685041092,23.43324250681199,52.605725117674886,68.64503857827847,6030,87.60354518890381,0.9933635592460632,30.670103092783506
260.cc,69.80487138413696,72.79843444227005,86.85430738707683,92.50875239555492,920,97.0233678817749,0.9992127418518066,65.28925619834712
261.cc,68.78536157560734,69.80392156862744,79.630959405449,88.95266319059775,787,94.80229616165161,0.9986521005630493,70.10309278350515
262.cc,57.45919167718774,61.75298804780876,81.2720974526877,88.6953056123583,1349,93.40880513191223,0.9976639747619629,52.34375
263.cc,49.25731444816512,48.90965732087227,77.60461166073057,86.72987344227552,2239,94.20647621154785,0.999066174030304,48.214285714285715
264.cc,75.0390958571139,78.26086956521739,82.68165347384371,89.30179915656527,397,96.2991714477539,0.9987807273864746,72.28915662650603
265.cc,81.0981031524245,83.2520325203252,91.4026347001109,93.86990877964152,835,96.40923738479614,0.9992402791976929,75.0
266.cc,82.06294073591081,85.63218390804597,87.57121703163325,90.87344388568627,284,97.14287519454956,0.9989080429077148,75.29411764705883
267.cc,70.95201303269889,75.50644567219152,83.11011201831423,87.32081142858382,794,95.30748724937439,0.9987126588821411,62.96296296296296
268.cc,82.40688989583668,84.69945355191257,87.96965777381756,92.70714418935442,315,97.53035306930542,0.9995163083076477,75.5813953488372
269.cc,65.67024096974615,65.74500768049157,83.31857120916115,87.90933442593776,1215,96.0192859172821,0.9991556406021118,59.87261146496815
27.cc,30.81570555862079,32.98167684619656,50.84214712074229,52.76268924389231,9720,90.00954627990723,0.9933393597602844,35.98014888337469
270.cc,73.70154479203572,78.50467289719626,85.03864082998263,89.81385018376838,920,94.92806792259216,0.998405396938324,66.17647058823529
271.cc,70.31682020914774,65.04065040650406,79.00103989478774,88.26615306106976,687,96.6907799243927,0.9983232021331787,68.08510638297872
272.cc,69.47343429217884,72.46376811594203,79.40963083803291,86.32163820183388,448,94.76628303527832,0.9970924258232117,69.51219512195121
273.cc,73.62280628846948,73.74810318664645,81.28323158676413,86.5830020455173,1254,97.39532470703125,0.9995192885398865,60.62499999999999
274.cc,54.04718118208763,53.80116959064328,74.55104622531938,86.3832479188039,1417,92.88825392723083,0.9988094568252563,47.794117647058826
275.cc,33.0005660136124,36.986301369863014,63.537552232203375,79.22680684612423,2859,90.87682366371155,0.9959661364555359,33.80952380952381
276.cc,56.2290685201064,57.013574660633495,78.9496641497087,86.68055988974132,1593,95.86359858512878,0.9981099963188171,53.89221556886228
277.cc,33.34221976444154,37.29603729603729,62.71041755375318,79.79602737604442,3519,91.46135449409485,0.9958416819572449,31.68724279835391
278.cc,42.556529879474304,38.108484005563284,68.2894456521281,81.41202656840883,2774,93.28071475028992,0.9983883500099182,38.53658536585366
279.cc,61.229311842042726,47.85100286532951,74.45053363766552,81.33418477484386,2396,95.95668911933899,0.9990489482879639,56.886227544910184
28.cc,16.72601196827532,15.432525951557095,36.949143907599385,39.71527663279162,14605,87.13931441307068,0.9910204410552979,27.07509881422925
280.cc,48.74298190663423,35.86800573888092,66.365088196724,74.70113266835622,2601,94.28702592849731,0.9989292621612549,38.5
281.cc,48.22625740253232,38.61892583120205,68.22892933739824,78.48728759456792,3052,92.42714643478394,0.9977123737335205,44.221105527638194
282.cc,63.109474710554764,67.43119266055047,73.6546950551424,80.18318870818825,774,95.38551568984985,0.998718798160553,64.81481481481481
283.cc,72.28434030096037,70.05813953488372,81.60553337501185,87.18362479835537,1187,96.60500288009644,0.9991603493690491,64.45783132530121
284.cc,74.47882780852049,80.66825775656325,81.84236944548816,89.16501855497222,360,97.07944393157959,0.9996544718742371,69.02654867256636
285.cc,52.3929268800213,56.71641791044776,78.48020418820593,89.1896335898144,1603,94.31672692298889,0.9986966252326965,52.20125786163522
286.cc,71.90027124096314,74.55830388692578,82.49895526820555,90.8920345291701,777,97.48005867004395,0.9992365837097168,64.02877697841727
287.cc,43.358134101506025,49.16030534351145,75.78320725621886,86.2197568876836,2330,94.74894404411316,0.9991592764854431,47.19101123595505
288.cc,55.86291861240517,57.26375176304654,78.04604449022862,87.74635119283091,2179,95.80820202827454,0.9988057613372803,56.043956043956044
289.cc,62.554158336971255,64.13301662707838,75.47586982173164,86.90267909311906,892,96.02606296539307,0.998788058757782,57.758620689655174
29.cc,9.750992007467403,14.925373134328357,30.794555288901442,26.929305218381344,17061,91.63917899131775,0.9936800003051758,22.408536585365855
290.cc,43.72505067692371,47.26027397260273,74.01958610578139,85.35591814885787,1992,94.26525235176086,0.9984027743339539,48.78048780487805
291.cc,65.36394607887172,60.35087719298245,83.47152062906508,89.11873064595835,1177,95.38606405258179,0.9987301826477051,63.829787234042556
292.cc,28.924482286745118,37.00887198986058,63.11244647155807,83.15082223465812,3557,94.63275671005249,0.9989239573478699,32.88888888888889
293.cc,50.04076284637647,56.86274509803921,73.17217112233668,85.87986194954885,1411,95.52703499794006,0.9992109537124634,52.55474452554745
294.cc,50.51388992680461,51.712328767123296,68.92923022026922,79.3587513230302,1517,94.97557282447815,0.9985533356666565,47.5609756097561
295.cc,44.776386149255636,46.666666666666664,72.59810047315484,85.87017220434456,2554,95.00917196273804,0.999291181564331,44.61538461538462
296.cc,51.73273067668246,52.976190476190474,75.63214150517662,85.1986901855531,1768,95.4561173915863,0.9983027577400208,52.69461077844312
297.cc,60.535209688304974,64.18219461697723,72.92193802234115,87.24469699321051,914,97.41266369819641,0.9995901584625244,56.2962962962963
298.cc,37.93736181283109,46.0559796437659,70.55596744999934,84.09168530896108,3104,94.20742392539978,0.9983453154563904,42.38095238095238
299.cc,48.23133334290035,52.23367697594502,71.42809858079428,85.58513556943133,1487,95.82079648971558,0.9988299012184143,52.25806451612903
3.cc,78.17381048936582,80.91603053435115,83.42441852117625,90.491346858373,296,95.0945258140564,0.9963041543960571,67.56756756756756
30.cc,43.220328008825774,37.078651685393254,66.35886493559113,75.51889286059908,4915,91.13848805427551,0.9959185719490051,40.389972144846794
300.cc,37.39941700777372,48.37662337662337,69.54305932712886,81.26907162145326,2222,93.88934969902039,0.9990670680999756,40.22346368715084
301.cc,79.64776516825688,82.75862068965517,88.94574924014427,93.78234571443723,620,96.64875864982605,0.9992237687110901,78.19548872180451
302.cc,67.81079313652658,74.81371087928466,86.75699118730552,92.64541291071194,1359,96.29383683204651,0.999534547328949,69.42675159235668
303.cc,70.45329878337479,69.45169712793732,79.60474134628632,87.25241877629041,833,94.36973333358765,0.9969229102134705,65.65656565656566
304.cc,73.44499393844927,76.97262479871175,86.58993787439712,89.59571757630704,825,95.42202353477478,0.9983358383178711,63.81578947368421
305.cc,77.77618950756606,79.17737789203085,84.43033613955403,91.8247449236148,489,95.12483477592468,0.9960737228393555,64.70588235294117
306.cc,66.85045763346253,70.18867924528301,79.20311194358813,84.69323073871233,739,95.35014629364014,0.998748242855072,56.934306569343065
307.cc,62.47867845264437,64.46886446886447,79.62060258273746,85.88358779763216,1114,96.089106798172,0.9990189671516418,59.09090909090909
308.cc,72.07595419781632,74.38423645320196,85.52208955741408,90.4245627398496,624,97.26157188415527,0.9996445775032043,64.81481481481481
309.cc,62.80742203749059,63.94052044609666,77.53918775040353,86.47876036359483,1212,95.60125470161438,0.9992420673370361,57.77777777777777
31.cc,29.030033789496862,20.47244094488189,44.856789085994095,62.11299595738211,3326,88.29278945922852,0.9950388669967651,26.400000000000002
310.cc,68.65872265702367,71.03825136612022,79.52040867082563,86.01125718232767,549,96.316397190094,0.9983822703361511,60.60606060606061
311.cc,33.33909824719342,40.177252584933534,64.6454427548703,81.26900289316617,2792,94.42257285118103,0.9988449811935425,39.548022598870055
312.cc,73.81283879650712,72.9113924050633,80.40326416828361,89.73488849227728,658,95.85551023483276,0.9985604286193848,70.10309278350515
313.cc,64.9874358754285,62.27544910179641,76.55520063462339,85.60409605148877,1416,95.4486608505249,0.9987919926643372,58.86075949367089
314.cc,48.115581536976116,48.037676609105176,73.51936245440467,87.18819986222672,1879,95.44593095779419,0.9974998831748962,41.01123595505618
315.cc,40.49727431586094,44.88549618320611,66.87325042722081,84.07128931862297,2138,94.81821060180664,0.9989949464797974,33.6734693877551
316.cc,59.705064470552884,58.614564831261106,70.99533959001396,84.49725326348909,1197,96.03338837623596,0.9987857341766357,52.41379310344828
317.cc,40.77193573368416,46.76923076923077,68.31534261030696,84.34753376835002,2207,94.52334642410278,0.9991410970687866,43.02325581395349
318.cc,51.84667706965917,49.88344988344988,67.65798372244328,82.39521709814595,1298,94.65349316596985,0.998986005783081,46.902654867256636
319.cc,39.24484929293867,45.64564564564564,70.76258915140052,81.83525070880799,2457,94.52297687530518,0.9989486932754517,44.252873563218394
32.cc,22.269069909191206,14.273858921161825,40.47038473387308,61.79645294613724,4065,89.58116173744202,0.9962093830108643,24.555160142348754
320.cc,35.73042600368779,42.60355029585799,65.23399428365701,82.5772940467554,2643,93.85527968406677,0.9981184005737305,37.234042553191486
321.cc,62.89830769644196,61.052631578947356,74.00506533241187,85.49087710175924,1218,94.83709931373596,0.9990521669387817,53.956834532374096
322.cc,60.46024985900149,55.499153976311334,75.41206031220447,87.86494041316976,2082,95.18328309059143,0.9986273646354675,53.691275167785236
323.cc,50.908728248078845,61.25000000000001,73.00528554987291,86.60568084378525,1152,96.8443751335144,0.999419629573822,46.09929078014184
324.cc,46.501323895400986,46.329526916802614,71.34630443738808,84.60491797037972,2171,95.50532698631287,0.9986001253128052,41.11111111111111
325.cc,50.27256451744017,53.74280230326296,64.87761013617676,81.07299185153558,1190,94.91335153579712,0.9987922310829163,40.963855421686745
326.cc,56.325128584046794,42.73789649415693,70.45157104205686,83.22727094399536,2084,92.410147190094,0.9979366660118103,42.62295081967213
327.cc,41.71752528701806,36.67621776504298,67.39194911798542,81.9035017683313,2634,91.17809534072876,0.9953135251998901,37.86407766990291
328.cc,52.49161191545444,47.84172661870504,66.2821062216751,80.3605215932028,1689,93.1913435459137,0.997498095035553,41.509433962264154
329.cc,46.24597396651416,45.25043177892919,62.28537555001253,81.37868976764938,1645,94.80869174003601,0.9987765550613403,43.609022556390975
33.cc,24.06885854029578,17.254174397031537,42.1605854546704,65.3369369863822,3422,88.87397646903992,0.9965977668762207,29.365079365079367
330.cc,53.023502655184984,58.333333333333336,66.2948532725722,77.08945219231845,989,95.14209032058716,0.999039888381958,53.04347826086957
331.cc,58.69412168165626,50.0,69.99964819180876,83.47286857602525,1920,93.24988126754761,0.997564971446991,52.46913580246913
332.cc,52.67771659673841,57.7391304347826,67.57266216396813,69.85559415508848,1551,92.02690720558167,0.9958427548408508,54.77707006369427
333.cc,50.26107650537865,49.64200477326969,63.326152795571446,79.48437702884345,1045,95.07201910018921,0.998740553855896,40.0
334.cc,62.312221865765224,60.36161335187761,78.5624502148763,81.59747397829337,1694,95.00242471694946,0.9984390735626221,48.93617021276596
335.cc,50.78367245658354,51.26050420168068,69.92983475987687,81.82635657017225,1945,95.10776996612549,0.9984764456748962,45.0261780104712
336.cc,59.17091980749036,62.47288503253795,73.32762304337395,86.75729351672022,1058,94.13180351257324,0.9968150854110718,54.91803278688525
337.cc,70.01531739413221,63.469675599435824,82.06652046826012,87.94569751070708,1475,95.5945074558258,0.998921811580658,63.975155279503106
338.cc,53.52388667207462,50.3896103896104,72.93236874164421,82.63582377641956,2348,94.5591688156128,0.9979492425918579,42.16216216216216
339.cc,61.29064293049491,57.700650759219094,71.20513249693997,85.31978780994535,1089,95.00568509101868,0.9990081787109375,48.8
34.cc,22.066331955566998,15.357142857142858,38.015995239506125,59.25656461419625,3791,89.27304148674011,0.9953415989875793,29.385964912280706
340.cc,61.14588084606034,52.81690140845069,73.19137751925236,86.52336198871845,1392,95.71926593780518,0.9993042945861816,52.55474452554745
341.cc,54.055960519667664,55.40069686411151,66.60508050324489,80.73204206038896,1390,93.7813937664032,0.9985524415969849,40.993788819875775
342.cc,61.15203661950511,59.77742448330683,75.7378866143257,87.31407209555887,1325,95.40507197380066,0.9993411898612976,51.461988304093566
343.cc,60.784075926528736,68.8279301745636,75.2887083493869,82.79251451467687,636,95.25019526481628,0.9976586103439331,57.14285714285714
344.cc,58.43580966909692,48.148148148148145,73.77394774388004,82.91850278579183,2123,92.94465780258179,0.9974613785743713,51.36612021857923
345.cc,61.16249331081156,66.66666666666666,72.39391727253475,82.85326770972429,729,95.36603093147278,0.9991008639335632,56.310679611650485
346.cc,59.14148903960972,61.08202443280978,76.8275959752239,67.62329081303527,1309,96.1682915687561,0.9988305568695068,53.37837837837838
347.cc,52.86987311533123,63.90243902439025,69.86733531316587,85.64580975382503,963,95.31129002571106,0.9990829229354858,45.45454545454545
348.cc,62.989226797013515,69.27083333333333,77.52459349419165,86.6553713334223,734,95.09209990501404,0.9963356256484985,53.398058252427184
349.cc,68.64007631975012,69.64980544747083,78.62259805978776,90.76393571703639,1131,95.32082676887512,0.9993325471878052,64.0625
35.cc,30.43033603784005,20.53872053872054,54.21302265987742,70.7935299805357,4029,90.8638060092926,0.995836615562439,31.496062992125985
350.cc,57.56808954451027,61.53846153846153,71.85497342145213,85.27376941216978,1044,95.92657089233398,0.9990731477737427,50.0
351.cc,66.38275178486165,66.55518394648828,77.36541244790395,84.55504185660291,1159,96.18642926216125,0.9992235898971558,56.00000000000001
352.cc,67.43864705621246,67.55555555555554,73.69391011076439,85.67402396328193,908,96.58569693565369,0.9995297193527222,61.86440677966102
353.cc,68.38389385635294,74.00722021660651,78.61973648588699,78.33842734554563,1143,95.9690809249878,0.9990374445915222,63.49206349206349
354.cc,72.42732439436604,76.71957671957672,78.90731952475146,87.25647884692391,596,95.53539752960205,0.9988921880722046,66.66666666666666
355.cc,68.53471020716643,69.55017301038063,83.49826343775763,89.01066555675851,1043,95.78754901885986,0.9994667768478394,60.9271523178808
356.cc,74.88777642520539,80.1909307875895,83.66264230862862,89.28734571711784,473,98.38151931762695,0.9997749924659729,68.18181818181817
357.cc,65.44385682322884,65.25285481239804,77.8448556324444,82.69981842829253,1135,96.1144745349884,0.9990237951278687,61.224489795918366
358.cc,60.954603864898594,70.0,73.74123141259396,80.02821876116329,524,94.80940699577332,0.9985271692276001,65.55555555555556
359.cc,35.53621439012125,47.12041884816754,67.3805707525186,84.24533873480954,2414,94.64898705482483,0.998712956905365,36.04651162790697
36.cc,20.51928034557752,13.60544217687075,37.448666280803536,63.0247052303615,3629,89.14543390274048,0.9949439167976379,28.691983122362867
360.cc,22.454467949083828,34.89254108723136,61.28595804834056,83.28349446586631,3689,94.11836266517639,0.998755156993866,34.17085427135678
361.cc,30.897883517830103,44.26229508196721,67.62995554725721,83.06107446193832,2682,97.35223054885864,0.99947190284729,34.25414364640884
362.cc,58.55807562147343,67.98418972332016,79.67506890254221,89.00285077771697,1145,94.89534497261047,0.9990788102149963,57.14285714285714
363.cc,45.687167074504984,53.6,71.20922304114119,87.25809879426644,1439,97.01617956161499,0.9994814395904541,43.75
364.cc,46.25288444863421,56.167979002624676,71.37737037005148,85.23374177616851,1133,95.66256403923035,0.9992980360984802,50.0
365.cc,47.90504138858203,54.700854700854705,72.48695810879033,87.01995828433601,1999,95.337975025177,0.9982367753982544,48.125
366.cc,64.77245268667167,65.21739130434783,76.66399049366673,87.13976803951749,686,96.17115259170532,0.9987893104553223,57.99999999999999
367.cc,24.974588753534686,31.513260530421217,56.567784423576775,81.12004127228877,2989,93.42577457427979,0.9988366961479187,34.090909090909086
368.cc,63.87391863310443,63.70370370370371,83.2810169517694,92.12377971252178,1605,97.3709762096405,0.9993680715560913,64.56692913385827
369.cc,66.47553294449487,65.07936507936508,77.83684832004518,85.19710120222308,784,96.26390337944031,0.9991294741630554,64.21052631578948
37.cc,9.335735869224743,15.767091920183187,30.964687787012863,34.02610992508962,16431,84.85655188560486,0.9788639545440674,25.48435171385991
370.cc,45.386960372979615,56.30712979890311,70.18375930425316,84.91296327455227,1559,96.96447253227234,0.9995522499084473,45.85987261146497
371.cc,72.64858599186576,65.90909090909092,80.5804903081062,90.08242971728829,1188,94.9356198310852,0.9985558986663818,65.32258064516128
372.cc,57.93894942557222,58.42105263157895,64.99721638203661,80.96212752609628,782,95.8278477191925,0.9988870620727539,49.523809523809526
373.cc,64.29539817344696,64.12478336221838,80.75509004789565,90.43390761036454,1224,95.58166861534119,0.9991685748100281,62.06896551724138
374.cc,30.392878643520643,30.414746543778797,68.5691071817882,83.97369721345001,3722,94.57865357398987,0.9982802271842957,34.4
375.cc,53.54618419651028,50.075414781297134,73.86208664184458,81.26272833776966,1859,94.30416822433472,0.9989256858825684,51.74418604651163
376.cc,67.74806033681585,65.22911051212937,77.30848966857971,87.82198273642439,748,96.55985236167908,0.9990251064300537,62.88659793814433
377.cc,44.38672014250349,57.79220779220778,75.35529970562986,86.61062610400457,2113,93.81670355796814,0.9977881908416748,53.06122448979592
378.cc,40.37358495704981,53.92354124748492,73.17217660935319,86.51101538482469,1477,93.11607480049133,0.9983005523681641,43.38235294117647
379.cc,67.75584830528497,74.81296758104737,83.50825415696629,90.28457464676633,438,97.38657474517822,0.9997394680976868,70.10309278350515
38.cc,18.433207486565063,16.098824467025302,36.74280147150271,42.612132042486664,23690,85.6604814529419,0.9844958782196045,26.61596958174905
380.cc,56.458992341718016,61.224489795918366,77.43373628238886,86.56718739148629,864,94.47954893112183,0.9981039762496948,58.0952380952381
381.cc,64.61259539925135,68.67167919799499,77.10216913427132,88.24546639417282,731,95.51751017570496,0.9962658286094666,61.386138613861384
382.cc,66.55373045742958,72.636815920398,83.61142948966445,88.4109414221317,466,95.74117064476013,0.9968994855880737,68.04123711340206
383.cc,56.970258504935046,59.797297297297305,75.97874433009108,85.66686473091153,1097,95.63761949539185,0.9992741346359253,57.14285714285714
384.cc,68.7485929689245,70.99999999999999,77.22160908861224,88.97614325716948,632,97.5807249546051,0.9995871782302856,64.35643564356435
385.cc,66.82674304803223,68.09651474530833,78.47560906798734,86.86084636900009,500,96.01269960403442,0.999131441116333,63.829787234042556
386.cc,61.98302353795196,66.006600660066,82.95557200025966,90.33247375497002,1513,95.50748467445374,0.9990530014038086,61.68831168831169
387.cc,55.627151695385464,50.58365758754865,64.55448864398554,71.56517079434921,1501,95.09093761444092,0.9979872703552246,48.92086330935252
388.cc,57.959393119514594,61.18546845124282,77.39384334466357,84.02337729105221,1135,95.3347384929657,0.9992802143096924,54.01459854014598
389.cc,41.9796182182229,53.09278350515464,67.64010234464631,85.21431000953903,1135,95.31076550483704,0.9988552927970886,44.24778761061947
39.cc,21.091518294507374,20.0,41.15210714849314,,10390,84.61143374443054,0.9803290963172913,30.035971223021583
390.cc,66.41450421376852,70.22471910112358,78.14827185340609,85.55087022413753,427,95.94430923461914,0.9990254640579224,60.67415730337079
391.cc,59.22721787117738,55.772646536412076,81.23253819649278,88.55299426144153,1575,94.1196858882904,0.9979971647262573,52.5974025974026
392.cc,61.48725800839905,63.020833333333336,71.87437128337929,86.4976780405143,761,97.0862865447998,0.9995326399803162,51.35135135135135
393.cc,57.080110416372406,61.886792452830186,72.99638147739623,81.95292700857377,1005,95.16186714172363,0.9978037476539612,49.28571428571429
394.cc,49.72207028715696,58.56832971800433,74.90869951367051,86.84814894243172,1106,95.63317894935608,0.9994103908538818,47.72727272727273
395.cc,56.205918941382265,66.8,80.46014442560649,88.70458654314433,1169,94.87524628639221,0.9987812638282776,57.8125
396.cc,37.637843697945435,48.888888888888886,70.8319448690968,86.42987235872043,2285,94.34542655944824,0.9982990622520447,42.35294117647059
397.cc,60.093689663862314,51.67464114832535,72.0607033966291,78.82338197653279,1695,95.59465050697327,0.9993225932121277,54.14012738853503
398.cc,49.68452597028135,46.31217838765009,63.83836446890597,73.40105454772902,1721,94.75329518318176,0.9976126551628113,40.963855421686745
399.cc,69.31071775869958,58.259325044404974,79.86418145407885,71.13265326475361,1671,96.10949158668518,0.9981406331062317,62.04379562043796
4.cc,72.46758621292594,83.11688311688312,79.33782968642375,81.56511184591095,231,97.17286229133606,0.998980700969696,70.76923076923077
40.cc,24.056248642995307,21.493027071369976,41.53245114841627,57.35337696628579,5364,86.3625168800354,0.9892281889915466,24.742268041237114
400.cc,70.50349593588123,60.101867572156195,83.71723346546668,89.97934915680426,1793,95.42788863182068,0.9975168108940125,60.14492753623188
41.cc,23.908846572222807,24.31326709526592,44.74543801873589,57.595593527121046,6998,84.20246243476868,0.986137330532074,25.757575757575758
42.cc,48.74340918425834,43.60795454545455,61.71169978658006,76.51578796417489,5090,91.15517735481262,0.996878981590271,38.9041095890411
43.cc,48.78664851044463,44.05099150141643,64.0170859217331,75.91275132543156,5032,90.83772301673889,0.9971757531166077,42.73972602739726
44.cc,17.159396504558867,21.830065359477125,35.94444464747324,50.642022592704784,7225,84.56267714500427,0.9858185052871704,24.22222222222222
45.cc,22.448912850261323,17.951541850220266,41.77763568141369,55.58226063317472,7783,84.53821539878845,0.9861379861831665,22.42063492063492
46.cc,33.80946363973959,30.083234244946492,54.074188648883904,62.61887998714942,6561,87.02539801597595,0.9884709119796753,31.910112359550563
47.cc,24.699296083406566,21.138211382113823,40.548145754233985,50.14618579815616,12285,85.60572266578674,0.9882714748382568,20.496894409937887
48.cc,24.764883324215223,22.071563088512242,44.02362182569178,44.94884631983575,13445,89.98312950134277,0.9932845234870911,32.04081632653061
49.cc,22.332313672088816,19.387116948092558,43.62593803746837,43.2122165172319,17109,89.06202912330627,0.992559552192688,30.880000000000003
5.cc,73.59778064445548,78.9272030651341,81.25410435546833,84.78339352992491,371,94.38936710357666,0.9964337944984436,68.0
50.cc,13.632041701252124,21.001221001220998,38.11025316455624,29.256463578440727,14317,88.49136233329773,0.9934574365615845,34.58646616541353
51.cc,41.56814928339139,31.775700934579437,56.40394867977766,72.0006143118034,5396,88.30543160438538,0.9942955374717712,32.25806451612903
52.cc,51.41610680249658,45.07819687212511,66.97216695226886,78.22626895844158,3569,90.4237687587738,0.9963846802711487,43.01075268817204
53.cc,17.673479956844,20.089037284362828,34.91771242102282,37.116113887038516,15694,90.1521623134613,0.9945287704467773,28.7593984962406
54.cc,26.49986465876593,31.80894308943089,45.72983396512696,48.48660127322801,10281,88.55966329574585,0.993423581123352,37.264150943396224
55.cc,70.42918874249403,67.74468085106382,81.24563609221578,81.2878659307412,3717,84.49501395225525,0.9825859069824219,74.67811158798283
56.cc,18.364925698125518,14.241645244215938,38.84130760416002,,17286,86.01222634315491,0.9883322715759277,24.312590448625183
57.cc,31.95649319021024,33.48837209302326,53.95334725050748,63.676358432261715,2313,90.01060724258423,0.9954174160957336,34.78260869565217
58.cc,23.06558331334101,21.659482758620687,42.28908424780916,49.578310946987955,7522,84.81183648109436,0.9874629974365234,25.595238095238095
59.cc,41.320792151653116,57.686212361331215,60.448039269706065,66.54889536001154,1746,91.0287082195282,0.9970279335975647,50.264550264550266
6.cc,68.01813079725412,70.50938337801608,76.29638983833938,86.98072763326624,1066,97.03893065452576,0.998440146446228,53.299492385786806
60.cc,19.529190091157957,19.286657859973577,38.43627153043569,57.96959966878374,6351,87.46635913848877,0.993384599685669,22.546972860125262
61.cc,15.417431732634462,19.366407650926483,34.849449128828276,35.17124286597083,8405,88.05343508720398,0.9952012300491333,26.218097447795824
62.cc,35.79666727879812,27.38095238095238,49.46378001926775,63.77311508281088,9720,86.13460659980774,0.9831536412239075,30.508474576271187
63.cc,16.282237391609915,41.14114114114114,47.017100587777776,47.46563393837127,2870,87.21718788146973,0.9932239055633545,35.714285714285715
64.cc,36.517001801410274,28.68654311039484,55.247544990002126,,4723,87.92518377304077,0.9943934679031372,30.659025787965614
65.cc,1.088357116145714,11.89436473279268,16.858190256639645,16.875963956899895,36659,84.9798858165741,0.9841383695602417,19.27710843373494
66.cc,8.981713893733732,20.085329832622246,29.82315641971217,30.25359813371357,15993,89.35242295265198,0.9962431192398071,24.642857142857146
67.cc,31.469235710446764,25.01488981536629,51.40745134029876,59.9980986129834,6354,92.02383160591125,0.9974952340126038,29.658792650918635
68.cc,33.49982363491876,23.176661264181522,50.841416125107244,64.64762995003758,10762,86.45205497741699,0.9873771667480469,28.38095238095238
69.cc,41.47516979936173,32.98969072164948,60.061900103922675,75.96234588506043,5270,95.79530954360962,0.9992567300796509,38.67924528301887
7.cc,46.21545752386497,45.62607204116638,64.838075741324,74.43374996667103,2347,93.38485598564148,0.9976469874382019,35.175879396984925
70.cc,38.023830690044846,28.99484536082474,63.82567281679592,78.99541773941556,5711,95.55851817131042,0.9994012117385864,38.70967741935484
71.cc,37.25644097975417,33.484162895927604,54.068193793109934,59.41608334066088,2484,92.47213006019592,0.9970564842224121,32.773109243697476
72.cc,9.727122306329756,22.166874221668746,26.580151885807247,33.907458358577806,18787,91.48707985877991,0.9978066682815552,22.294372294372295
73.cc,41.050664062963016,36.34204275534442,55.635033942655234,59.5760166789865,2411,91.36055111885071,0.9973073601722717,37.55656108597285
74.cc,27.290454960927804,19.290657439446367,44.399529684307204,59.19823059091321,9832,85.50993204116821,0.9769155979156494,27.640845070422536
75.cc,31.478401644541968,30.695900857959963,55.63039198100165,74.91581859372106,3349,88.7158989906311,0.9942761659622192,30.798479087452474
76.cc,33.806132612936246,33.85753931544866,59.763099953745154,76.16650393477268,4126,87.7419650554657,0.9934667348861694,35.63218390804598
77.cc,27.95085122333539,21.144024514811033,45.9239523392947,52.55728379990593,6877,87.58336305618286,0.9922807812690735,27.358490566037734
78.cc,31.52759836608622,30.172865374541647,52.3928289136793,52.686564599169685,6157,87.73143291473389,0.9913716316223145,26.854219948849106
79.cc,32.34144715629665,29.00763358778626,54.66298728865857,76.13169587191486,4219,88.60626816749573,0.9950500726699829,23.076923076923077
8.cc,20.76402507055781,26.07781282860147,36.75941067265065,34.7260703182343,3592,93.4269905090332,0.9983678460121155,36.51685393258427
80.cc,51.11297736444215,40.94117647058824,64.06247920649142,75.22464697106852,2865,91.53685569763184,0.9964627027511597,45.089285714285715
81.cc,34.97549195586345,28.571428571428577,50.88981915617858,57.86938676269069,5931,89.02537226676941,0.9873192310333252,32.923832923832926
82.cc,36.30882621540659,31.24312431243124,55.45702282681463,73.69665688080853,2951,91.04486107826233,0.9968129396438599,28.619528619528616
83.cc,50.16416273116136,55.09181969949917,70.843124243638,77.05990607127802,1428,92.80566573143005,0.9979078769683838,48.19277108433735
84.cc,32.57694176593109,36.61971830985916,60.339397813947116,77.43179711485756,2706,90.29691815376282,0.9945559501647949,36.405529953917046
85.cc,15.298335832802906,17.779632721202002,33.0959981355756,36.20204848210987,12621,86.7083728313446,0.9955012798309326,21.70686456400742
86.cc,27.56304502911718,21.4992927864215,50.05761843092468,71.24891677857974,6530,90.2252733707428,0.9943746328353882,23.67601246105919
87.cc,28.1396987163392,21.68532704773129,42.73291691233157,54.64220221073971,7064,92.13308691978455,0.9970981478691101,21.86836518046709
88.cc,17.470889552432197,32.60233918128655,44.82232084310287,48.98336469212528,7078,91.20031595230103,0.9939330816268921,28.92768079800499
89.cc,18.395015873443104,20.51813471502591,43.40800700303614,56.26531046119815,9369,84.38439965248108,0.9852191805839539,25.44731610337972
9.cc,21.51456417957202,27.251732101616632,38.25988779960382,38.88711128568626,4512,94.1642165184021,0.9980496168136597,37.76824034334764
90.cc,28.93047919233667,21.720025109855616,54.39922567494262,75.23697565957356,5710,87.68488764762878,0.9892097115516663,29.591836734693878
91.cc,36.63811428739474,28.161530286928805,55.95455215838775,,5875,88.92603516578674,0.994874894618988,27.49326145552561
92.cc,29.18263999365899,25.93230063109581,46.871210008316325,,6017,86.56772971153259,0.9939610958099365,24.054054054054056
93.cc,27.506176674818487,28.879668049792535,57.349398536688,74.01988378594856,4841,90.80963134765625,0.9957805275917053,35.12544802867383
94.cc,24.49565312595207,26.259541984732827,57.69154902745426,74.81062727241444,6003,91.52260422706604,0.9963709115982056,34.21926910299003
95.cc,18.140490249058203,20.634920634920636,36.310911472983264,42.993228788661334,10256,88.91544342041016,0.99614417552948,28.539325842696627
96.cc,36.399176734961515,36.0699865410498,59.11032009931843,76.90116042968488,2547,90.7891035079956,0.9954937696456909,30.739299610894943
97.cc,11.99417312468558,25.76590730557737,32.37865194650574,47.40576571676569,5476,89.16747570037842,0.9946985244750977,21.22905027932961
98.cc,32.94052278892932,26.12653618570779,53.39241613893824,76.70046823370824,6469,84.92918610572815,0.9831726551055908,26.49164677804296
99.cc,36.61691953180627,36.69064748201439,54.38377734706178,60.28890898470801,3227,89.80419039726257,0.9954635500907898,38.04347826086957
